1,175 ,179.6 ,173.55 ,174.35 ,1503135
2,180 ,184.45 ,175.05 ,182.9 ,1889963
3,183.5 ,183.9 ,177.1 ,179.65 ,1205389
4,180.6 ,182.35 ,177 ,177.95 ,530293
5,178 ,179.55 ,174.3 ,176.85 ,883738
6,176.9 ,180.7 ,175.05 ,175.55 ,902142
7,175.55 ,177.45 ,168.1 ,168.9 ,595159
8,169 ,173.5 ,166.6 ,172 ,446344
9,173.4 ,177.8 ,168.15 ,169.1 ,640863
10,172.85 ,172.85 ,166.05 ,166.75 ,618539
11,168.1 ,172.25 ,167 ,169.95 ,1142919
12,171.6 ,171.6 ,167 ,167.4 ,344633
13,168 ,168.75 ,164 ,164.95 ,1265706
14,165 ,166.7 ,161.4 ,163.35 ,701877
15,160 ,162 ,155.15 ,160.05 ,805703
16,160.8 ,162 ,158.2 ,160.1 ,235481
17,160.8 ,160.8 ,154.6 ,155.4 ,542440
18,158.95 ,160.5 ,156.9 ,157.7 ,798085
19,156 ,157.55 ,153.5 ,155.4 ,726833
20,157.9 ,158.05 ,153.5 ,154.5 ,660569
21,156.8 ,157.15 ,149.55 ,151.7 ,558234
22,152.1 ,158.65 ,150.8 ,157.35 ,1061251
23,157 ,160.85 ,155.7 ,156.65 ,1457934
24,154 ,158.8 ,150.55 ,154.35 ,886173
25,157 ,157 ,152.2 ,152.85 ,309073
26,154.8 ,154.8 ,151.7 ,152.8 ,876005
27,154 ,154.55 ,151.1 ,151.85 ,234677
28,152.8 ,153.65 ,150.6 ,151.1 ,195065
29,151.95 ,153.65 ,149.05 ,151.2 ,552299
30,151.6 ,152.5 ,149.65 ,150 ,630023
31,151.9 ,156.5 ,151.3 ,155.9 ,744644
32,157.5 ,158.4 ,156 ,157.55 ,788999
33,159 ,160 ,155.2 ,156 ,858863
34,158 ,158 ,154.6 ,155.95 ,391550
35,154.7 ,160 ,154.55 ,159.85 ,914765
36,159.4 ,159.8 ,153.35 ,155 ,673552
37,156.7 ,157.95 ,151.1 ,151.8 ,704105
38,153 ,154.05 ,150.2 ,151.4 ,418212
39,153.95 ,153.95 ,152 ,153.1 ,175422
40,154.2 ,156.5 ,154 ,156 ,771154
41,155.8 ,157.65 ,154.6 ,156 ,1177655
42,156.5 ,165.1 ,155.4 ,164.1 ,2370177
43,168.8 ,168.8 ,159.6 ,160.8 ,883727
44,161.1 ,161.85 ,157.45 ,158.05 ,297034
45,159 ,160.3 ,157.6 ,158.85 ,860964
46,158.85 ,162.2 ,156.1 ,160.95 ,469666
47,161.45 ,161.5 ,156.7 ,158.55 ,407974
48,158.55 ,158.85 ,154.55 ,156.5 ,690656
49,157.9 ,157.9 ,154 ,156.05 ,571406
50,156.5 ,161 ,156.5 ,158.55 ,365147
51,158.55 ,162 ,155 ,155.35 ,1240516
52,157 ,157.45 ,155 ,156.8 ,417204
53,155 ,158.7 ,153.2 ,155 ,815518
54,157.3 ,157.3 ,154.1 ,155.5 ,180617
55,155.3 ,156 ,150 ,151.2 ,1284707
56,152.45 ,153 ,150.45 ,150.9 ,536045
57,151.45 ,151.95 ,148.1 ,148.6 ,836825
58,149.5 ,150.1 ,146.8 ,147.6 ,488906
59,148.7 ,151.65 ,146 ,149.2 ,1311430
60,150 ,151 ,148.25 ,149.4 ,606008
61,147 ,151.75 ,147 ,150.2 ,601812
62,151 ,154.95 ,150.1 ,154 ,1311552
63,155.5 ,156.15 ,152.6 ,153.7 ,608621
64,153 ,156.15 ,152.45 ,154.35 ,680332
65,153.9 ,154.95 ,151.6 ,152.9 ,1629125
66,152.05 ,152.85 ,149.7 ,151.15 ,1025472
67,151.5 ,152.9 ,149.2 ,150.05 ,493350
68,142.55 ,152.4 ,142.55 ,150.65 ,444060
69,150.45 ,151.2 ,148.3 ,149.7 ,382111
70,148 ,148 ,143 ,144.95 ,799073
71,145.2 ,147.25 ,143.6 ,144.4 ,663654
72,147.45 ,147.45 ,144.3 ,144.65 ,1138985
73,146 ,147 ,143.55 ,144.5 ,1163038
74,145.1 ,147 ,144.5 ,144.8 ,916532
75,145.4 ,149.4 ,145.3 ,148.65 ,1684263
76,148.5 ,155.55 ,147.85 ,149.35 ,2744168
77,147 ,148.75 ,145 ,145.5 ,782798
78,147.4 ,150.4 ,146.25 ,147.7 ,2823757
79,150.25 ,172.3 ,150.25 ,170.2 ,13607730
80,169 ,177.8 ,166.6 ,172 ,8244703
81,175 ,176 ,166.3 ,167.2 ,2061029
82,164 ,173.7 ,162.35 ,170.45 ,3611148
83,169.5 ,174.8 ,167.3 ,171.95 ,1533160
84,169.5 ,169.8 ,164.05 ,165.2 ,1738100
85,167.9 ,173.5 ,166.25 ,171.9 ,1378280
86,172.5 ,175.95 ,169.6 ,174.45 ,1700610
87,174.75 ,177.3 ,167.45 ,170.15 ,1649200
88,171.9 ,173.8 ,167.55 ,171.55 ,1419175
89,171.55 ,175.7 ,168.2 ,169.6 ,2358087
90,167 ,172.55 ,166.2 ,171.8 ,964995
91,172.5 ,174.8 ,171 ,172.15 ,637167
92,171 ,171.75 ,161.65 ,164.4 ,881287
93,163 ,168.2 ,163 ,166.35 ,422487
94,165.2 ,166.5 ,160.25 ,165 ,609309
95,167 ,171 ,161.25 ,162.15 ,297318
96,160 ,164.4 ,158.2 ,158.95 ,1350064
97,160.15 ,168.5 ,160.15 ,167.7 ,967937
98,169.2 ,171.5 ,165.5 ,169.75 ,944784
99,171 ,172.8 ,167.2 ,170.5 ,491569
100,171.65 ,185.4 ,169.05 ,182.15 ,3063300
101,183.6 ,189.1 ,173.1 ,175.4 ,3337005
102,177 ,181.6 ,176.5 ,179 ,1583603
103,180.5 ,185 ,179.05 ,181.1 ,2907068
104,183.4 ,189.5 ,181.2 ,187.25 ,4320249
105,184.7 ,186.9 ,180.5 ,185.3 ,1309340
106,186 ,188.25 ,177.4 ,179.75 ,2306553
107,180.35 ,183.25 ,178.4 ,180.3 ,580849
108,181.25 ,189 ,181 ,187.4 ,2108623
109,188.5 ,189.8 ,181.55 ,183.15 ,1545403
110,186.8 ,186.8 ,183 ,183.65 ,537682
111,187.5 ,187.5 ,179 ,179.55 ,1384154
112,180.2 ,189.65 ,180.15 ,185.9 ,3497285
113,187.1 ,194.2 ,186 ,189.5 ,4161773
114,191.45 ,193.9 ,189 ,190.3 ,2140539
115,193 ,195.25 ,192.05 ,194.3 ,2067286
116,195.5 ,198.35 ,190.25 ,194.6 ,2069906
117,193 ,196.7 ,191.05 ,193.85 ,1599486
118,194.5 ,197 ,193.6 ,194.85 ,1216758
119,195 ,195.9 ,191.25 ,191.65 ,723943
120,192 ,195.35 ,192 ,193.85 ,1273358
121,192 ,199.45 ,188.3 ,191.7 ,4037298
122,189.8 ,189.8 ,180.2 ,184.05 ,5652808
123,183.4 ,186 ,180.1 ,181.4 ,1307572
124,182 ,184.7 ,180.1 ,182.3 ,929260
125,183 ,183.05 ,179.6 ,180.2 ,808487
126,181.2 ,181.5 ,175 ,176.3 ,2096490
127,177.45 ,179 ,172.55 ,174.65 ,2546505
128,178 ,179.6 ,176.1 ,176.8 ,2781163
129,178.5 ,178.6 ,174 ,175.35 ,1679548
130,176.2 ,176.75 ,172.6 ,174.55 ,1566045
131,174.1 ,180.1 ,173.5 ,179.3 ,1157825
132,181 ,181.4 ,175.6 ,176.85 ,1742348
133,176 ,177.8 ,174.5 ,174.9 ,1009665
134,174.9 ,177.7 ,174.55 ,174.95 ,553447
135,174.45 ,177.4 ,173.25 ,175.05 ,1072389
136,175.5 ,179 ,175.3 ,176 ,990321
137,177.5 ,180.6 ,176.05 ,179.75 ,859747
138,178.3 ,185.2 ,178.3 ,184.25 ,2613054
139,185.25 ,185.25 ,180 ,180.55 ,1165194
140,181.8 ,181.95 ,176.15 ,179.35 ,1346675
141,178 ,194.4 ,178 ,186.3 ,2592162
142,187.8 ,187.85 ,181 ,181.85 ,1861197
143,182 ,182.9 ,178.4 ,179.1 ,1579386
144,181 ,184.9 ,180.15 ,184.2 ,1438305
145,189.3 ,189.7 ,183.55 ,184.8 ,1163636
146,185.3 ,189.45 ,184.6 ,186.45 ,1421568
147,187 ,189 ,184.25 ,185.25 ,1514271
148,185.95 ,186.95 ,182.7 ,183.3 ,780722
149,183.5 ,185.6 ,183 ,183.85 ,1090551
150,184.8 ,187.7 ,183.25 ,185.95 ,2344624
151,186 ,187.25 ,183.1 ,183.65 ,363702
152,184 ,187.75 ,181.75 ,184.75 ,2349382
153,183 ,186.5 ,182.25 ,185.85 ,735473
154,186.5 ,190.7 ,185.6 ,189.55 ,1721124
155,189.9 ,192.3 ,187 ,188.45 ,1034440
156,189.9 ,191.05 ,187.7 ,188.95 ,604512
157,188.95 ,198.35 ,188.95 ,197.35 ,2483140
158,197.5 ,200.25 ,193.55 ,198.95 ,3029204
159,199.25 ,199.4 ,194 ,195.5 ,1094447
160,196.4 ,196.4 ,192.5 ,192.85 ,563499
161,194 ,196.65 ,188.7 ,195.55 ,1446750
162,194.8 ,195.3 ,191.15 ,193.4 ,1007838
163,192.5 ,192.5 ,185.6 ,186.75 ,1096213
164,188 ,189.9 ,182.2 ,184.1 ,1210105
165,186.6 ,189.4 ,181.85 ,183.05 ,379985
166,182.4 ,187.7 ,179.2 ,184.35 ,876357
167,185.5 ,187.55 ,183 ,186.8 ,484308
168,188.6 ,188.6 ,185.65 ,186.55 ,379109
169,186.2 ,189.4 ,185.75 ,186.3 ,469030
170,188.4 ,188.9 ,186.6 ,186.95 ,365063
171,188.3 ,188.8 ,183.7 ,184.05 ,480184
172,184.15 ,186.7 ,182.05 ,183.4 ,363283
173,185.4 ,186.9 ,183.05 ,184.35 ,725520
174,187 ,196.2 ,184.35 ,190.2 ,2256879
175,191.8 ,193.95 ,188.2 ,190.4 ,1313587
176,191 ,192.95 ,188.7 ,190.6 ,954820
177,189.3 ,190.35 ,184 ,184.85 ,791951
178,186.2 ,188.45 ,185.6 ,187.2 ,871667
179,187.35 ,189.35 ,186.1 ,187.4 ,406675
180,186.8 ,189.3 ,183.55 ,186.8 ,784876
181,190.9 ,190.9 ,185.25 ,187.15 ,1157107
182,185.3 ,189.55 ,185.3 ,187.15 ,719410
183,187.5 ,188.45 ,185.5 ,187.9 ,465024
184,192 ,192 ,185.5 ,186.05 ,1279225
185,183.8 ,187.5 ,183.3 ,183.75 ,530702
186,184.5 ,185.4 ,181.6 ,182.65 ,665994
187,183.7 ,183.7 ,178.5 ,179.4 ,1818616
188,180.15 ,183.55 ,180.05 ,182.1 ,657139
189,183 ,185.4 ,182.5 ,184.25 ,508425
190,184.25 ,186.65 ,183.25 ,184.6 ,887785
191,187.9 ,189.95 ,185 ,187.8 ,1723533
192,188.8 ,189.55 ,182 ,183 ,633195
193,184.85 ,184.85 ,181.05 ,181.75 ,444860
194,183 ,186.25 ,181.8 ,185.4 ,740793
195,187 ,192.9 ,184.1 ,190.8 ,2257384
196,193 ,195.8 ,190.25 ,191.1 ,3571530
197,192.95 ,198.8 ,189.4 ,196.7 ,4087905
198,199 ,199.5 ,189.3 ,190.6 ,2252698
199,191.3 ,191.8 ,183.6 ,188.3 ,768686
200,190.25 ,193.9 ,188.6 ,189.35 ,1207023
201,188.75 ,196.3 ,187 ,191.25 ,1468864
202,192 ,206.4 ,189.8 ,204.9 ,5846758
203,208.9 ,212.3 ,206.5 ,210.35 ,7207155
204,215.25 ,219.7 ,208.95 ,217.15 ,5691070
205,218.3 ,218.3 ,198.65 ,200.8 ,5482862
206,202 ,204.9 ,198.1 ,202 ,2586234
207,204 ,211.45 ,202.15 ,206.3 ,2697773
208,208 ,208 ,191.3 ,199.3 ,3230110
209,202 ,205.75 ,201.6 ,204.25 ,1610391
210,204.9 ,207.5 ,201.2 ,205.45 ,1281387
211,206.5 ,211.35 ,205.25 ,208.4 ,2323489
212,208.7 ,216.5 ,205 ,212.55 ,2898994
213,216 ,216 ,212.5 ,213.15 ,107111
214,214.8 ,216.6 ,208 ,210.4 ,1836702
215,209.65 ,211.95 ,203 ,206.6 ,1860355
216,207.65 ,210.25 ,206.1 ,207.3 ,1206385
217,201.25 ,209.85 ,201.25 ,204.6 ,591828
218,203.5 ,205.8 ,195.05 ,196.9 ,680837
219,198 ,200.75 ,193.1 ,197.75 ,548711
220,200.55 ,200.55 ,186.15 ,188.65 ,1532508
221,189.05 ,192.95 ,184.05 ,186.65 ,1905447
222,188 ,190.9 ,182.8 ,184.9 ,1532800
223,186 ,188.55 ,181.8 ,187.2 ,1471553
224,187.55 ,187.9 ,180 ,186.25 ,4167793
225,187.7 ,188.95 ,182 ,183.2 ,1242562
226,183.9 ,188 ,180 ,184.15 ,5544309
227,188 ,188 ,176.8 ,182.9 ,1370628
228,183.65 ,186.5 ,181.55 ,185.55 ,631636
229,183 ,190.65 ,183 ,188.5 ,1759833
230,188 ,194.2 ,187.25 ,193.35 ,1490638
231,201.8 ,201.8 ,189.05 ,190.25 ,668126
232,192.4 ,192.4 ,181.55 ,183.75 ,511321
233,184.3 ,187.25 ,182.5 ,183.4 ,588283
234,183.5 ,184 ,176.2 ,180.5 ,1858818
235,180.2 ,186.15 ,178.5 ,180.15 ,1477835
236,180 ,181.85 ,170 ,172.05 ,1264026
237,172 ,176.65 ,167.1 ,171.2 ,1546086
238,173.2 ,173.2 ,162 ,164.75 ,4589010
239,165.25 ,167.9 ,164.5 ,165.65 ,1569912
240,166.35 ,169.3 ,164.5 ,166.2 ,1030883
241,166.3 ,166.7 ,159.5 ,161.05 ,1337648
242,163.5 ,163.9 ,153.05 ,153.6 ,3866213
243,153.6 ,159.9 ,151.25 ,159.2 ,3448027
244,159.6 ,161.9 ,156.3 ,158.5 ,2806999
245,159.8 ,159.8 ,155.45 ,157.25 ,1535168
246,157.7 ,161.45 ,155.2 ,160.8 ,1610005
247,160 ,161.9 ,156.8 ,158.35 ,983593
248,159.35 ,163 ,158 ,162.5 ,1430996
249,163.05 ,168.45 ,163 ,166.05 ,4237518
250,169 ,173 ,167 ,172.1 ,3893214
251,179 ,179 ,172.4 ,172.95 ,1682158
252,173 ,175.75 ,168.35 ,169.1 ,1549556
253,170.15 ,171.25 ,166.6 ,166.95 ,1810942
254,166.05 ,168.9 ,162.5 ,163.4 ,2012932
255,164.1 ,164.75 ,160.5 ,161.75 ,2258955
256,161.8 ,162.9 ,160 ,160.6 ,1293529
257,161.4 ,163.25 ,152.8 ,155.8 ,1530152
258,156 ,161.2 ,153.25 ,158.2 ,1659398
259,158.3 ,161.8 ,155.35 ,159.85 ,596055
260,161 ,164.8 ,158.5 ,159.95 ,1185769
261,158.95 ,162.5 ,151.8 ,154.05 ,935998
262,154.5 ,156 ,151.95 ,153.15 ,640657
263,153.55 ,156.4 ,153.55 ,155.75 ,279170
264,156.7 ,158.7 ,154 ,155.05 ,478488
265,153.5 ,155.3 ,151.75 ,152.4 ,902786
266,152.9 ,153.8 ,151.15 ,152.3 ,413000
267,153.2 ,155.65 ,152.15 ,155.05 ,741777
268,156.2 ,158.3 ,154.2 ,155.1 ,2053394
269,155.7 ,156.4 ,148 ,149.35 ,2051608
270,149.85 ,150.85 ,137.25 ,140.3 ,3242545
271,139 ,140 ,133.9 ,136.1 ,1867508
272,136.55 ,139.8 ,135.45 ,136.6 ,1488776
273,136.6 ,138.45 ,133.8 ,134.55 ,2043992
274,134.5 ,143.15 ,134.5 ,142.35 ,2192127
275,143 ,146.5 ,140.05 ,140.75 ,1506798
276,141.8 ,143.6 ,138.75 ,140.45 ,1114775
277,141.75 ,141.8 ,131.6 ,136.1 ,2251453
278,133 ,136.9 ,129.35 ,131.35 ,1738178
279,128.75 ,135 ,127.05 ,132 ,965757
280,133.15 ,135 ,131.8 ,134.95 ,1344272
281,136.25 ,142.55 ,135.55 ,139 ,1471505
282,125.8 ,143.8 ,125.8 ,143.3 ,1197879
283,144.2 ,147.6 ,143.25 ,144.85 ,1470743
284,145.8 ,145.9 ,140.55 ,143.7 ,783840
285,144.1 ,145.15 ,135 ,136.05 ,1238327
286,135 ,139.75 ,130.05 ,138.55 ,883149
287,138.5 ,138.5 ,134.05 ,136.65 ,729955
288,135.1 ,136.4 ,131.1 ,131.65 ,1446867
289,134.85 ,134.85 ,125.1 ,126.3 ,2677006
290,128.8 ,131.5 ,127.5 ,130.05 ,1225460
291,131.35 ,137.3 ,131.35 ,136.05 ,1080885
292,137.5 ,141.05 ,136.7 ,140.5 ,589220
293,140 ,143.35 ,137 ,141.8 ,593899
294,143 ,144.95 ,138.6 ,142.15 ,335811
295,135.1 ,141.45 ,134.45 ,135.5 ,1584381
296,137 ,139.2 ,135.45 ,136.1 ,1365259
297,138 ,138.4 ,135.1 ,135.55 ,1184394
298,136.4 ,137.35 ,135 ,136.6 ,544258
299,137 ,138 ,129.65 ,131.45 ,1495338
300,132.5 ,133.85 ,131.8 ,132.95 ,926495
301,129 ,131.15 ,126.2 ,126.9 ,2279115
302,129.65 ,131.8 ,128.1 ,131.35 ,1702110
303,130 ,136.45 ,129 ,135.6 ,1644239
304,138 ,138 ,133.85 ,136 ,1741987
305,136.5 ,138.4 ,133.9 ,137.4 ,779628
306,138.5 ,141.15 ,137.1 ,140.35 ,904638
307,140.9 ,144.6 ,139.25 ,142.05 ,1696066
308,143.6 ,143.85 ,139.3 ,141.15 ,870090
309,142.8 ,147.8 ,140.4 ,145.75 ,1607555
310,147 ,147.7 ,144.15 ,146.8 ,1029459
311,146 ,150.6 ,146 ,149.3 ,2123499
312,152 ,152.45 ,149.5 ,151.75 ,1472562
313,152.05 ,154 ,147 ,149.45 ,1671698
314,152 ,152 ,148.9 ,150.15 ,438435
315,150.6 ,151.7 ,149.55 ,150.5 ,655012
316,151.5 ,152.4 ,148.3 ,151.75 ,945409
317,152.4 ,157.25 ,150.3 ,151.3 ,2087901
318,152.4 ,155.95 ,150.5 ,154.6 ,1370067
319,155.8 ,156.45 ,150.05 ,151.25 ,1579696
320,152.65 ,152.65 ,149.7 ,150.05 ,700182
321,146 ,152.5 ,145.6 ,152.15 ,513675
322,153.8 ,154.5 ,150 ,153.5 ,550342
323,153.7 ,155.05 ,152.8 ,153.8 ,923942
324,154.85 ,158.2 ,153.05 ,157 ,729173
325,159 ,162.85 ,158.1 ,160.25 ,2838189
326,162 ,162.4 ,159.8 ,160.8 ,1131778
327,161.05 ,163.75 ,158.9 ,162.25 ,613515
328,162.55 ,162.55 ,159.4 ,160.65 ,914751
329,161.8 ,162.9 ,160.35 ,161.7 ,1361327
330,162.15 ,163 ,157.8 ,159.9 ,1221470
331,160.8 ,160.8 ,148.8 ,151.3 ,2083739
332,151.7 ,154.8 ,150.45 ,151.6 ,917053
333,153 ,153 ,145.9 ,149.85 ,931736
334,151 ,152.5 ,144.3 ,148.25 ,1737355
335,149.75 ,158.8 ,146.2 ,156.15 ,2724757
336,158 ,158.6 ,153.5 ,155.7 ,605055
337,156.75 ,160.3 ,154.25 ,157.9 ,808768
338,159.9 ,160 ,156.9 ,158.85 ,595429
339,159 ,161.75 ,158.5 ,160.85 ,2046338
340,161 ,166.4 ,159.5 ,163.5 ,1415147
341,163 ,171.3 ,160.8 ,168.8 ,3618102
342,169 ,169.95 ,163.5 ,164.9 ,910525
343,163.6 ,169.5 ,162.25 ,167.75 ,962540
344,170.75 ,170.75 ,163.1 ,163.75 ,784299
345,166.3 ,167.5 ,161.8 ,163.55 ,305674
346,164.4 ,165.65 ,162.1 ,163.7 ,449591
347,163.2 ,165.55 ,162.05 ,164.75 ,473715
348,164.95 ,165 ,159.5 ,160.35 ,993370
349,162.8 ,162.8 ,155.2 ,157.05 ,706952
350,158.5 ,162 ,155.2 ,161.25 ,584500
351,161.5 ,163 ,160.1 ,162.05 ,416429
352,162.9 ,164.5 ,157.05 ,157.7 ,868462
353,156.9 ,163.4 ,156.9 ,162.2 ,506766
354,163 ,164.5 ,160.9 ,161.8 ,408711
355,161.8 ,164.45 ,159.55 ,163.65 ,471639
356,164.9 ,166.45 ,164.2 ,164.85 ,754623
357,164.9 ,165.65 ,158.95 ,159.85 ,942282
358,159.55 ,161.7 ,157.7 ,160.95 ,847928
359,158.05 ,162 ,158.05 ,159.75 ,413624
360,160 ,161.2 ,156.4 ,157 ,635384
361,157.25 ,158 ,153.5 ,155.3 ,456306
362,154.05 ,159.5 ,153.5 ,159.05 ,538850
363,160.75 ,160.75 ,157.7 ,160.25 ,335861
364,159.5 ,161.9 ,157.1 ,159.5 ,777177
365,158 ,159 ,156.05 ,156.7 ,224025
366,156.5 ,156.55 ,150.95 ,151.85 ,719575
367,151.9 ,152 ,141.35 ,146.15 ,1149375
368,148 ,148 ,143.8 ,144.7 ,481088
369,145.9 ,147.45 ,140.8 ,141.75 ,666846
370,140.5 ,146.25 ,140.5 ,145 ,936817
371,145.5 ,149.9 ,145.5 ,148.6 ,1131761
372,146.3 ,155.4 ,145.1 ,154.65 ,671550
373,155.9 ,158.7 ,154.25 ,156.95 ,1152591
374,159.6 ,159.6 ,155.3 ,156 ,641858
375,157.15 ,158.8 ,151.15 ,152.7 ,2064838
376,154.7 ,155.5 ,152.35 ,153.85 ,431084
377,154.6 ,158.55 ,154.6 ,157.65 ,1153468
378,159.9 ,159.9 ,156.5 ,157.5 ,846353
379,158 ,158.95 ,156.55 ,157.65 ,1261250
380,158.9 ,160.8 ,157.75 ,158.75 ,2062362
381,159 ,159.5 ,153.7 ,155.05 ,1177595
382,155 ,157.45 ,153.25 ,155.7 ,380928
383,153.2 ,156.2 ,149.4 ,150.7 ,1029919
384,153.45 ,158.4 ,151.3 ,157.65 ,1796801
385,157.7 ,157.7 ,153.05 ,153.45 ,1252356
386,153.65 ,157.2 ,151.85 ,154.25 ,997848
387,155.9 ,156.7 ,146.5 ,153.35 ,392549
388,155 ,155 ,151.5 ,153.5 ,464914
389,155 ,155 ,151.25 ,152.05 ,596680
390,152.85 ,152.85 ,149.05 ,150.65 ,588972
391,151.9 ,154.9 ,150.45 ,154.1 ,482320
392,152.55 ,157.3 ,152.55 ,154.7 ,758273
393,156.2 ,158.35 ,154 ,156.85 ,1256719
394,157.5 ,165.5 ,156.7 ,163.25 ,2875961
395,162.45 ,165 ,161.65 ,162.6 ,2625047
396,162 ,167.85 ,161.5 ,166.25 ,2191994
397,168.05 ,171.7 ,163 ,163.95 ,1007341
398,164.25 ,167.75 ,159.55 ,160.25 ,1094463
399,162.3 ,162.3 ,157 ,157.95 ,842038
400,158 ,163 ,152.55 ,155.45 ,1120116
401,150.8 ,156.95 ,143.2 ,154.35 ,2694515
402,149.05 ,155.1 ,148 ,151.8 ,941426
403,145.05 ,151.8 ,145.05 ,146.75 ,789422
404,151.75 ,155.05 ,148.2 ,151.2 ,1002578
405,150.3 ,151.95 ,145.55 ,147.15 ,1313783
406,148.05 ,149.8 ,144.25 ,145.45 ,959013
407,147 ,150.5 ,146.35 ,147.4 ,1542057
408,151.9 ,152 ,143.85 ,147.6 ,1023983
409,149.95 ,149.95 ,135.25 ,140.2 ,1763913
410,138 ,143.5 ,135.4 ,140.5 ,1391008
411,140.65 ,142.9 ,135.25 ,137.55 ,1726827
412,138 ,140.1 ,135.55 ,136.05 ,1430113
413,134 ,138.35 ,134 ,136.45 ,588033
414,137.95 ,137.95 ,133 ,134.15 ,1013712
415,133.9 ,137.7 ,133.8 ,135.95 ,756703
416,136.55 ,140.85 ,136.55 ,139.7 ,1115524
417,143.7 ,147.05 ,140.1 ,145.5 ,1943488
418,145 ,149.95 ,145 ,146.4 ,1796305
419,145.95 ,146.2 ,143.15 ,143.75 ,354284
420,144 ,152 ,142.5 ,150.4 ,1741899
421,151.7 ,151.7 ,145.1 ,146.1 ,1528474
422,145.65 ,150.8 ,145.65 ,149.25 ,1012555
423,150.4 ,151.9 ,147.1 ,148.05 ,631085
424,147.3 ,149 ,143.65 ,144.95 ,992511
425,146.2 ,147.6 ,143.9 ,144.3 ,442043
426,144.7 ,146.9 ,141.6 ,145.65 ,797314
427,147.25 ,149 ,146.05 ,148.6 ,852027
428,148.55 ,153.5 ,147.15 ,149.6 ,918903
429,147.25 ,151.75 ,147.2 ,147.9 ,313264
430,148.35 ,153.6 ,146.2 ,152.95 ,410558
431,153.45 ,156.5 ,152 ,155.85 ,1351721
432,153.8 ,155.9 ,142.9 ,145.55 ,1212049
433,142.2 ,146.95 ,141.1 ,145.85 ,705602
434,146 ,146.7 ,138.5 ,140.6 ,1270922
435,142.25 ,144.25 ,138.25 ,139.6 ,2061383
436,140 ,141.7 ,136.5 ,138.4 ,1267876
437,139.75 ,140.2 ,136.6 ,138 ,737591
438,138.95 ,141.7 ,137 ,137.7 ,540250
439,137.7 ,137.7 ,134.05 ,135.25 ,550910
440,134.95 ,136 ,128.1 ,128.9 ,1695842
441,129.55 ,131.85 ,122.55 ,124.55 ,2258335
442,126.3 ,129.85 ,126.25 ,128.25 ,1197739
443,127.5 ,134.5 ,126.6 ,133.8 ,1262282
444,134 ,136.7 ,131.6 ,132.5 ,881570
445,132.55 ,133.65 ,129.4 ,133 ,769836
446,133.55 ,136.2 ,133.1 ,134 ,485539
447,134.1 ,145.95 ,132.65 ,143.8 ,1979324
448,144 ,145.95 ,141.9 ,142.6 ,769504
449,140.35 ,144 ,138.75 ,143.05 ,546298
450,145.95 ,151.3 ,143.5 ,145.3 ,2385731
451,144.35 ,147.2 ,144.15 ,145.4 ,644140
452,145.9 ,147.15 ,136.8 ,143.5 ,3102330
453,143.95 ,147.5 ,140.75 ,142.6 ,963105
454,143.7 ,147.2 ,141.55 ,146.3 ,895379
455,147.8 ,151.9 ,147.8 ,148.55 ,767114
456,149.05 ,150.45 ,144.6 ,146.5 ,890096
457,146.5 ,148.65 ,145.1 ,146.35 ,243414
458,142.7 ,146.9 ,142.7 ,144.1 ,408931
459,143 ,148.05 ,143 ,146.4 ,562629
460,147.85 ,148.75 ,145 ,147.55 ,390229
461,148.65 ,149.35 ,146 ,148.05 ,180816
462,155 ,155 ,147 ,150.6 ,671915
463,150.8 ,151.9 ,141.1 ,143.35 ,1599087
464,144.05 ,146.4 ,139.3 ,140.4 ,504079
465,140 ,141.8 ,134.5 ,136.2 ,795600
466,135.2 ,137.5 ,133.25 ,135.1 ,683341
467,134.65 ,140.45 ,133.8 ,136.65 ,677077
468,134.5 ,135.45 ,130.25 ,132.65 ,394187
469,132.1 ,134.5 ,130.9 ,132.65 ,406806
470,132.45 ,135.1 ,130.6 ,133.55 ,751357
471,133.6 ,134 ,124 ,125.05 ,1578297
472,126.2 ,131.95 ,120 ,129.9 ,1811423
473,128.4 ,133.45 ,128.05 ,130 ,2249959
474,128.25 ,135.65 ,128.25 ,133.15 ,1370465
475,133.65 ,137.3 ,131.3 ,132.45 ,987205
476,130.25 ,138.15 ,130.25 ,137.45 ,1019896
477,139.9 ,143.15 ,137.05 ,140.7 ,1721426
478,140.1 ,143.5 ,136.3 ,137.2 ,2323484
479,135.75 ,137 ,130.65 ,131.65 ,2680058
480,131.65 ,135.8 ,131.65 ,132.8 ,2844398
481,133 ,137.35 ,132.3 ,136.2 ,1196324
482,134.95 ,135.9 ,129 ,132.5 ,792152
483,133 ,135.4 ,132.55 ,133.2 ,941106
484,132 ,134.45 ,130.55 ,132.95 ,710619
485,137.95 ,139.9 ,130.25 ,131.5 ,471749
486,130 ,134.8 ,128.25 ,132.3 ,1610724
487,133 ,137.4 ,130.25 ,134.25 ,1293355
488,134.3 ,134.35 ,131 ,133.3 ,362775
489,132.1 ,134.85 ,130.75 ,132.25 ,452910
490,134.2 ,134.75 ,128.65 ,130.75 ,907897
491,131 ,132.6 ,128.2 ,131.05 ,976475
492,131.9 ,134.55 ,131.25 ,134.1 ,463022
493,135 ,136.1 ,132.5 ,133 ,587589
494,133.7 ,134.8 ,130.5 ,131.8 ,370032
495,130.65 ,133.9 ,128.6 ,129.1 ,534000
496,128.1 ,130.05 ,123.75 ,125.4 ,1085696
497,124.1 ,128 ,124.1 ,126.9 ,376624
498,127.45 ,129.6 ,126.45 ,127 ,367110
499,127.8 ,132 ,127.3 ,130.95 ,571724
500,127.05 ,133.95 ,127.05 ,132.1 ,568326
501,130.4 ,134.7 ,130.4 ,132.75 ,746586
502,131 ,133.35 ,131 ,132.8 ,236437
503,136.2 ,138 ,133.55 ,136.9 ,1045656
504,137.7 ,146.4 ,137.7 ,145.3 ,1697541
505,145.9 ,147.5 ,142.7 ,143.8 ,1429326
506,143.75 ,143.75 ,138.55 ,141.35 ,1041815
507,140.15 ,142.8 ,136.1 ,137.4 ,1118057
508,136.7 ,136.7 ,133.5 ,133.85 ,788614
509,134.05 ,139.9 ,134 ,139.05 ,995103
510,140.05 ,140.05 ,134.25 ,136.6 ,2072024
511,138.5 ,143.2 ,138.05 ,142.6 ,1085643
512,144.75 ,145.2 ,140 ,142.45 ,375588
513,142.25 ,143 ,139.25 ,140 ,171024
514,140.1 ,140.9 ,138.65 ,140.05 ,303479
515,141.05 ,145.2 ,140.5 ,143.3 ,729241
516,144.15 ,150.6 ,140.15 ,149.65 ,1538222
517,150 ,153.45 ,143.05 ,143.75 ,2705449
518,144 ,148.4 ,144 ,147.6 ,804717
519,150.1 ,150.1 ,145.2 ,146.8 ,1124813
520,147.5 ,150 ,143.8 ,145.05 ,984029
521,145.5 ,147.95 ,145.5 ,147.2 ,1200098
522,149.05 ,153.45 ,147.8 ,150.15 ,1616194
523,150.15 ,152.25 ,145.85 ,147.05 ,726212
524,147.05 ,150.45 ,147 ,149.45 ,416878
525,148.25 ,151.7 ,147.75 ,150.6 ,583848
526,150.05 ,154.1 ,149.1 ,151 ,1040461
527,153 ,154 ,149.25 ,153.55 ,675419
528,153.95 ,159.1 ,151.5 ,157.7 ,1853406
529,157.95 ,164.85 ,157.55 ,160.95 ,1798143
530,163 ,169 ,157.65 ,167.3 ,1026140
531,168 ,170.35 ,159.5 ,161.15 ,3196511
532,161.8 ,162.45 ,157.3 ,158.05 ,907227
533,158.85 ,158.85 ,147.9 ,151.45 ,2294038
534,150.6 ,158.8 ,146.45 ,152.95 ,2391638
535,153.4 ,154.95 ,145 ,147 ,1458700
536,147.55 ,148.65 ,141.4 ,143.85 ,1457328
537,144.55 ,149.9 ,143.1 ,147.4 ,1046617
538,148.5 ,156.9 ,148.5 ,155.85 ,1859341
539,155 ,157 ,137.1 ,142 ,5851269
540,144 ,144 ,135.15 ,135.8 ,8553826
541,137.25 ,137.5 ,133.6 ,134.85 ,2329287
542,134.85 ,139.85 ,133.5 ,136.9 ,3838563
543,136.1 ,138.8 ,134.55 ,137.1 ,2373102
544,136.5 ,139.15 ,136 ,136.65 ,2155835
545,135.75 ,139.85 ,134.35 ,135.9 ,1596782
546,136.45 ,138.4 ,135.3 ,136.05 ,1361211
547,137 ,138 ,136 ,136.95 ,910564
548,136.9 ,137.95 ,132.3 ,132.9 ,1802166
549,132 ,136.45 ,132 ,134.1 ,1703877
550,134 ,134.95 ,131 ,132.45 ,726269
551,133.05 ,133.95 ,129 ,131 ,1746013
552,130 ,133.9 ,129.25 ,132.95 ,1403959
553,133.9 ,135.95 ,130 ,130.6 ,1656131
554,132.7 ,133.5 ,130.25 ,132.95 ,1191816
555,133.8 ,133.8 ,128.6 ,129.8 ,1315227
556,133.4 ,133.4 ,128.8 ,129.55 ,1994514
557,131.5 ,131.8 ,128.1 ,128.85 ,1282547
558,130.7 ,130.7 ,125.25 ,127.35 ,2743212
559,128.55 ,131.3 ,127.85 ,130.1 ,1354884
560,130 ,134.35 ,129.5 ,132.2 ,4589794
561,133.3 ,136.75 ,132.15 ,135.95 ,1811963
562,134.95 ,136.5 ,134 ,134.4 ,518198
563,134.8 ,134.8 ,130.65 ,133.65 ,1534885
564,134.05 ,134.65 ,131.45 ,132.5 ,427282
565,130.3 ,132.45 ,130.3 ,131 ,585893
566,131.3 ,132.3 ,130.2 ,131.05 ,1367379
567,132.15 ,132.5 ,127.75 ,128.5 ,1046973
568,128.55 ,128.95 ,126.3 ,126.9 ,1019532
569,127.05 ,128.25 ,126 ,126.95 ,1700116
570,127.8 ,128.5 ,126.05 ,126.4 ,1127545
571,126.85 ,129.2 ,126.3 ,128 ,1738662
572,129.4 ,129.4 ,126.75 ,128 ,1822937
573,128 ,129.45 ,127.05 ,127.75 ,952294
574,123 ,125.2 ,118.8 ,120 ,5294499
575,120.6 ,121.7 ,119.1 ,120.45 ,812464
576,120.35 ,120.8 ,112.3 ,112.95 ,5161142
577,113.55 ,116.2 ,108 ,109.6 ,3485527
578,114.75 ,116.9 ,112.3 ,116.3 ,5580324
579,117.7 ,120.85 ,117.5 ,120.1 ,4023269
580,119.05 ,128.7 ,119.05 ,127.1 ,4390455
581,127.5 ,130.3 ,115.8 ,119.95 ,5158978
582,120.5 ,120.55 ,112.2 ,119.35 ,6128516
583,121.45 ,123.65 ,118.75 ,120.8 ,1751303
584,120.2 ,120.2 ,114.05 ,116.6 ,1486366
585,116.85 ,121.75 ,116.8 ,119.75 ,1248171
586,120.4 ,120.65 ,116 ,119.2 ,678587
587,117.2 ,120.65 ,116.1 ,118.7 ,681448
588,120 ,120 ,112.6 ,115.15 ,1075702
589,114 ,117.9 ,113.3 ,116.55 ,704252
590,117.25 ,122 ,117.25 ,121 ,1180755
591,119.45 ,119.75 ,117 ,118.25 ,908112
592,119.8 ,120.8 ,116.25 ,116.85 ,671982
593,117.2 ,119.8 ,115.5 ,116.05 ,1100818
594,116 ,117.65 ,115.2 ,116.15 ,460813
595,116.55 ,117.75 ,114.5 ,114.85 ,619718
596,115.8 ,116.4 ,113.8 ,114.5 ,401443
597,115.15 ,117.25 ,114.45 ,116.55 ,532310
598,117.35 ,117.35 ,115.5 ,116.4 ,417922
599,116.5 ,116.5 ,110.4 ,113.9 ,1901095
600,113.15 ,113.7 ,109.75 ,110.75 ,1951865
601,111.1 ,112.85 ,106.1 ,107.75 ,825720
602,107.45 ,110.7 ,104.1 ,110.15 ,1015441
603,110.65 ,112.5 ,110.15 ,112.05 ,727882
604,112.15 ,114.5 ,112.15 ,114 ,1638263
605,114.55 ,115.9 ,112.75 ,113.05 ,1291805
606,106 ,114.2 ,106 ,111.7 ,502374
607,114 ,114.4 ,111.65 ,112.2 ,2126317
608,111.75 ,114 ,111 ,113.05 ,926060
609,113.3 ,115.35 ,112.1 ,114 ,681747
610,114.85 ,115.25 ,112.7 ,113.2 ,348044
611,113.5 ,113.8 ,112 ,113.25 ,355113
612,113.75 ,115.6 ,112.5 ,113.5 ,854247
613,113.6 ,113.6 ,112.9 ,113.05 ,225462
614,113.2 ,114.5 ,113 ,113.5 ,452978
615,113.5 ,114.6 ,113.05 ,113.95 ,373270
616,113.1 ,114.75 ,112.05 ,114 ,494447
617,114 ,114.7 ,113.5 ,114 ,778641
618,114.5 ,119 ,113.2 ,118.1 ,2461303
619,119.6 ,124.4 ,118.85 ,123.5 ,3030285
620,124.95 ,128.75 ,121.1 ,122.25 ,4342151
621,123 ,126.3 ,123 ,125.9 ,912102
622,126.7 ,127 ,122.9 ,124.5 ,725729
623,125 ,128 ,124.15 ,126.85 ,689405
624,127.3 ,129.7 ,126.85 ,127.5 ,1358921
625,127.95 ,128.45 ,126.3 ,127.7 ,469335
626,128 ,128 ,125 ,125.5 ,463512
627,124.05 ,125.65 ,121.15 ,121.55 ,568975
628,121.6 ,123.65 ,120.4 ,122.65 ,868932
629,122.65 ,124.4 ,121.6 ,121.9 ,605915
630,121.55 ,122.65 ,119.85 ,120.4 ,580535
631,120.55 ,123.6 ,120.1 ,121.9 ,651417
632,122.55 ,123.05 ,121.35 ,122.7 ,764609
633,122.65 ,125.6 ,122.1 ,123.25 ,1344050
634,124.35 ,125 ,122.6 ,124.55 ,454812
635,125 ,125.95 ,122.6 ,123 ,435044
636,123.2 ,126.9 ,121.8 ,124.15 ,1207974
637,124.15 ,124.25 ,116.8 ,121.95 ,1229443
638,123 ,125.25 ,121.4 ,124.05 ,1168659
639,125.5 ,125.5 ,121 ,121.75 ,1287039
640,122.65 ,122.9 ,119.55 ,120 ,1051212
641,121.3 ,123.45 ,119.35 ,121.55 ,751568
642,122.85 ,122.85 ,119.2 ,120.45 ,518101
643,121.2 ,121.2 ,119.05 ,119.9 ,497294
644,120.4 ,121.65 ,119.55 ,121.05 ,679561
645,121.45 ,121.75 ,119.95 ,120.45 ,411268
646,119.55 ,120.7 ,119.55 ,119.9 ,212962
647,121.8 ,121.8 ,119.85 ,120.2 ,155496
648,120.35 ,123.4 ,120 ,121.5 ,432342
649,121.8 ,122.5 ,120.65 ,121.05 ,349215
650,121.4 ,121.75 ,119.2 ,119.5 ,83899
651,119.6 ,121.35 ,118.5 ,119.95 ,462795
652,120.5 ,120.7 ,119.2 ,120.05 ,268963
653,120.9 ,121.35 ,119.9 ,120.6 ,330188
654,120.8 ,121 ,116.15 ,116.55 ,867742
655,116.65 ,117 ,114.45 ,115.05 ,811044
656,115.35 ,115.45 ,111.25 ,111.55 ,1104629
657,112 ,113.45 ,106.7 ,108.55 ,1770710
658,109.6 ,113.4 ,108.7 ,111.15 ,1510767
659,111 ,114.95 ,110.05 ,113.55 ,1275251
660,114.5 ,116.15 ,113.35 ,115.2 ,1005839
661,116.2 ,117.05 ,114 ,115.95 ,1363452
662,116.1 ,118 ,114.85 ,116.35 ,1342993
663,117.05 ,119.9 ,115.7 ,119.5 ,1130487
664,119.5 ,120 ,117.4 ,119.6 ,574436
665,120.95 ,121.95 ,118.7 ,119.4 ,647018
666,120.1 ,120.45 ,118.6 ,119.95 ,280091
667,119.6 ,123.1 ,119.6 ,120.45 ,1181448
668,120.6 ,122.65 ,120.6 ,121.75 ,528143
669,123.5 ,123.9 ,119.85 ,120.7 ,1331882
670,121.45 ,123.95 ,121.25 ,122.65 ,390682
671,122.75 ,124.8 ,122.4 ,123.95 ,428486
672,124.65 ,125.5 ,123 ,123.7 ,270062
673,124 ,125.4 ,121.55 ,124.35 ,1334537
674,124.05 ,126.7 ,123.05 ,124.2 ,744058
675,124.75 ,130.45 ,123.7 ,128.5 ,928939
676,129 ,134.3 ,128.85 ,129.95 ,1380416
677,129.9 ,130.7 ,126.85 ,128.05 ,1000603
678,129.45 ,131.4 ,129.05 ,130.95 ,562625
679,131.25 ,131.35 ,126.5 ,127.15 ,804311
680,127.25 ,127.25 ,124.75 ,125.45 ,290313
681,125.05 ,126.5 ,123.55 ,124.35 ,578917
682,125.35 ,129.3 ,125 ,128.15 ,614095
683,129.55 ,132.5 ,129.2 ,131.65 ,885920
684,132.55 ,132.9 ,130.2 ,131.95 ,439072
685,132.2 ,135 ,131 ,132.55 ,644123
686,133.2 ,134.3 ,131.05 ,131.65 ,372322
687,132.05 ,133.65 ,128.65 ,132.85 ,659499
688,133.3 ,133.4 ,130.5 ,131.4 ,465586
689,132 ,134.25 ,130.05 ,131.05 ,1107437
690,131.55 ,131.55 ,124.65 ,125.45 ,802145
691,126 ,127.8 ,124.6 ,126.25 ,930974
692,127 ,127 ,123.1 ,123.75 ,450208
693,122.95 ,126.3 ,120.1 ,125.85 ,1242241
694,125.85 ,126.95 ,122.85 ,123.35 ,510587
695,123.5 ,124.85 ,120.65 ,120.9 ,511735
696,122.6 ,122.8 ,119.6 ,120.25 ,555523
697,120.3 ,121.5 ,118.25 ,118.65 ,811037
698,118.35 ,119.35 ,116.15 ,116.65 ,1291609
699,118.7 ,118.95 ,108.2 ,118.4 ,3873702
700,119.1 ,122.5 ,117.55 ,118.75 ,2697730
701,119.75 ,121.9 ,118.1 ,120.1 ,1142650
702,120.95 ,120.95 ,117.05 ,118 ,1232587
703,118.05 ,118.55 ,115.25 ,116 ,1162512
704,116.6 ,117.5 ,113.65 ,114.1 ,1282242
705,114.1 ,117.65 ,112.95 ,117.1 ,1193012
706,117.1 ,119.85 ,117 ,117.75 ,1047050
707,118 ,118.5 ,116.2 ,118.15 ,806208
708,118 ,120.2 ,117.35 ,118.6 ,1425238
709,119.9 ,119.95 ,118.4 ,119.05 ,711798
710,116.5 ,118.3 ,101.55 ,116.75 ,666521
711,116.6 ,117.5 ,113.05 ,113.35 ,1582093
712,113 ,114.5 ,109.8 ,110.7 ,1995604
713,111.4 ,112.85 ,110.5 ,111.25 ,480956
714,109.15 ,111.25 ,107.5 ,109.4 ,2681885
715,109.85 ,114.65 ,109.4 ,112.95 ,2536399
716,113.3 ,115.3 ,112.55 ,114.45 ,1931498
717,115.05 ,115.8 ,111.5 ,112.4 ,1867970
718,111.2 ,112.6 ,108.7 ,110 ,2673657
719,110.5 ,111.45 ,110 ,110 ,728664
720,110.5 ,111.6 ,110.05 ,111.05 ,1079403
721,108.5 ,112.4 ,108.5 ,110.05 ,2670243
722,111 ,113 ,110.05 ,111.45 ,1636491
723,112 ,114.9 ,111.45 ,114.35 ,2625121
724,114.95 ,121.65 ,113.9 ,117.8 ,21176252
725,119 ,126.75 ,119 ,125.3 ,4302182
726,126.15 ,127 ,123.05 ,124.05 ,3557622
727,124.25 ,125.85 ,122.55 ,123 ,2032581
728,124.25 ,124.3 ,120.8 ,123.25 ,2717737
729,124 ,128.6 ,122.55 ,127.25 ,4296042
730,128.8 ,129.95 ,126.4 ,127.2 ,2244419
731,127.95 ,128.7 ,122.5 ,124.6 ,1977462
732,125.3 ,125.8 ,122.1 ,123 ,1575811
733,124 ,126.6 ,123.15 ,125.65 ,3141579
734,126.4 ,126.4 ,124.5 ,125.2 ,938359
735,125.6 ,128.35 ,124.6 ,125.8 ,1735153
736,126.7 ,126.7 ,123 ,124.15 ,1048742
737,124.45 ,125.4 ,123.1 ,124.8 ,1202842
738,125.05 ,127.7 ,124.35 ,125.4 ,1352515
739,125.8 ,125.8 ,122.85 ,123.2 ,781185
740,124 ,124.45 ,122.7 ,123.15 ,455725
741,123.8 ,124.7 ,123 ,124 ,565922
742,124 ,126.2 ,121.15 ,123.5 ,3652382
743,126.1 ,129.4 ,125.1 ,128.85 ,2498314
744,129.9 ,132.45 ,129.15 ,130.2 ,2543382
745,130.75 ,132.85 ,130.75 ,132.4 ,1297034
746,132.95 ,133.75 ,130.3 ,131.7 ,1070015
747,132.2 ,138 ,130.5 ,136.8 ,3589974
748,139 ,139 ,134.8 ,135.9 ,1743568
749,136.15 ,140.45 ,136.1 ,137.25 ,2745826
750,137.25 ,139.5 ,134.65 ,137.6 ,3133715
751,138.45 ,138.5 ,135.3 ,136 ,1265647
752,136.75 ,139.15 ,136.05 ,136.9 ,1626009
753,137.8 ,138 ,133.05 ,133.95 ,1016635
754,133.4 ,138.85 ,132.1 ,138.15 ,1699557
755,138.9 ,139.3 ,135.5 ,136.4 ,868950
756,136 ,137.9 ,133.85 ,134.6 ,1027190
757,134.55 ,139.55 ,132.8 ,138.6 ,1822105
758,139.8 ,142.95 ,138.6 ,141.1 ,3934763
759,142.45 ,144.2 ,141.35 ,142.2 ,2063854
760,140 ,144.1 ,128.25 ,139.9 ,1637038
761,139.95 ,141.3 ,135.05 ,137.95 ,1127548
762,137.1 ,137.45 ,131.25 ,132.5 ,2553518
763,133.85 ,138.2 ,131.8 ,137.7 ,1108171
764,138.5 ,139.4 ,135.2 ,136.55 ,1120545
765,138.2 ,142.4 ,134.45 ,136.7 ,7953341
766,138.25 ,139.4 ,134.05 ,134.65 ,1500928
767,134.9 ,135.45 ,130.5 ,133.1 ,1994762
768,133.25 ,135.75 ,131 ,131.35 ,2073610
769,132.6 ,133.1 ,126.65 ,127.5 ,2223731
770,127.15 ,130.15 ,124.25 ,129.7 ,1319184
771,130 ,130.5 ,127 ,127.6 ,804115
772,127.65 ,129.5 ,125 ,127.55 ,1161779
773,127.55 ,130 ,127.3 ,128.1 ,1078047
774,128 ,128.6 ,126.4 ,127.6 ,425714
775,127.1 ,128.5 ,124.95 ,126.2 ,457431
776,126.15 ,128.6 ,125 ,125.5 ,716976
777,125.45 ,126.3 ,117.15 ,118.7 ,1360620
778,115.2 ,123.4 ,115.2 ,122.5 ,1120938
779,123.65 ,126.7 ,122.65 ,126.05 ,1524127
780,126.75 ,127.8 ,124.35 ,126.8 ,837641
781,126.8 ,128.2 ,126 ,127.5 ,1034329
782,126.25 ,126.4 ,121.85 ,122.35 ,1551435
783,122 ,127.1 ,121.7 ,125.3 ,729634
784,124.95 ,125.9 ,122 ,123.45 ,1174961
785,124.1 ,125.5 ,120.25 ,120.75 ,1959480
786,121.3 ,123.5 ,120.15 ,122.1 ,1999058
787,123.05 ,123.6 ,114.45 ,115.8 ,2381747
788,116.55 ,120.1 ,115.7 ,119.25 ,1199357
789,118.25 ,119.35 ,114.55 ,115.3 ,1419563
790,115.95 ,119.7 ,115.65 ,119.3 ,407199
791,120.15 ,122.1 ,119.55 ,120.45 ,1766372
792,122.8 ,124.4 ,120.25 ,123.7 ,2502378
793,124 ,127.5 ,123.6 ,126.75 ,1555558
794,126.75 ,129.95 ,125.6 ,128.45 ,1868418
795,128.3 ,129.4 ,124.1 ,125.45 ,3172735
796,125.5 ,127.75 ,123.95 ,125.9 ,1875918
797,126.1 ,127.25 ,124.3 ,125.9 ,1672293
798,125.95 ,128.4 ,122.6 ,123.95 ,2661399
799,123.55 ,123.55 ,120.65 ,122.75 ,1317431
800,123.2 ,123.75 ,117 ,117.75 ,1082658
801,117.95 ,118.7 ,115.3 ,117.1 ,1416395
802,118 ,119.7 ,116.2 ,117.95 ,1718500
803,118.75 ,120.9 ,117.2 ,119.55 ,2723034
804,119.75 ,120.9 ,116.5 ,117.65 ,1723518
805,111 ,117.5 ,111 ,116.5 ,347401
806,116.5 ,118.7 ,115.55 ,117.4 ,3112243
807,118.05 ,120.35 ,117.45 ,119.95 ,524365
808,119 ,123.6 ,119 ,122.75 ,1545845
809,122.2 ,124.95 ,122.2 ,123.05 ,1240729
810,121.35 ,122.35 ,118.4 ,119.95 ,867148
811,119 ,122.1 ,118.25 ,118.85 ,824785
812,119.55 ,121.15 ,118.35 ,119.2 ,297955
813,119.15 ,121.7 ,118.9 ,119.7 ,529219
814,120.8 ,120.8 ,118.9 ,119.8 ,599300
815,120.2 ,121.65 ,119.45 ,120.6 ,970869
816,122.3 ,123.8 ,119.3 ,123 ,677048
817,122 ,124 ,121.4 ,121.6 ,505632
818,120.15 ,122.95 ,120.15 ,122 ,602618
819,120.4 ,127 ,120.4 ,126.1 ,783634
820,127 ,127.8 ,123.75 ,125.55 ,1595122
821,124.5 ,131 ,124.5 ,129.75 ,774893
822,131.4 ,131.4 ,126.35 ,129 ,1823508
823,128.55 ,136.45 ,128.55 ,132.25 ,5009856
824,133.75 ,142.3 ,133.4 ,138.75 ,5139648
825,140 ,140.5 ,137.55 ,138.4 ,1672324
826,138.1 ,143 ,135.8 ,141.15 ,2060354
827,141 ,145.8 ,140.5 ,145.15 ,3877629
828,145.2 ,147.75 ,143 ,144 ,3364979
829,144 ,148.1 ,144 ,147.3 ,1923608
830,147.95 ,148.4 ,146.4 ,147.65 ,2330376
831,148 ,151.2 ,147.65 ,149.95 ,2804262
832,150 ,151.9 ,148.1 ,150.2 ,2417460
833,150.55 ,154.95 ,149.45 ,154 ,1921089
834,154.8 ,154.8 ,143.8 ,145.4 ,1484570
835,146 ,152.35 ,146 ,151.15 ,2804818
836,152 ,154.5 ,151.35 ,152.05 ,2567290
837,148.6 ,156.9 ,148.6 ,154.15 ,2761000
838,153.85 ,155.4 ,153.15 ,154.9 ,1105938
839,156.5 ,156.9 ,153.55 ,154.3 ,1008008
840,154.25 ,158.9 ,153.6 ,154.75 ,2462176
841,155 ,157.95 ,154.7 ,155.55 ,2662845
842,155.05 ,159.85 ,154.95 ,157.25 ,3574047
843,157.5 ,160.95 ,155.5 ,157.55 ,1720518
844,157.15 ,158.55 ,155 ,155.95 ,1861086
845,155.7 ,158.65 ,153.65 ,154.95 ,1177164
846,156.35 ,156.35 ,151.15 ,152.4 ,805038
847,151.4 ,156.65 ,151.25 ,155.2 ,1649979
848,154.55 ,157.5 ,153.4 ,155 ,2046187
849,154.25 ,164 ,153.7 ,162.5 ,2187752
850,163.4 ,165.25 ,160.75 ,163.35 ,2166193
851,163.65 ,167.5 ,162.1 ,165.5 ,2401374
852,164.95 ,166.95 ,162.1 ,162.65 ,1544952
853,160.8 ,162.45 ,155.4 ,155.9 ,2167771
854,155.95 ,156.9 ,150.5 ,153.35 ,1619421
855,151.55 ,154.5 ,147.9 ,148.9 ,1332871
856,148.9 ,151.4 ,145.3 ,147.85 ,1230102
857,145.55 ,147.9 ,138.75 ,139.9 ,3172148
858,140.1 ,146.45 ,136.2 ,138.5 ,2539706
859,139.1 ,147.9 ,139.1 ,146.25 ,1763908
860,146.55 ,147.5 ,143.75 ,145.4 ,2107466
861,145 ,147.95 ,143.6 ,146.35 ,1856403
862,144 ,145.25 ,141.5 ,142.7 ,1717666
863,140.25 ,143.1 ,133.5 ,136.3 ,1696735
864,135.05 ,135.75 ,126.4 ,128.95 ,2304742
865,129.1 ,136.45 ,129.1 ,132.75 ,2290845
866,134.6 ,137.4 ,133 ,134.65 ,2515185
867,135.75 ,137.4 ,134 ,135.1 ,799720
868,136.25 ,137.95 ,131.2 ,135.75 ,2141380
869,135.75 ,140.5 ,135.5 ,139.25 ,1609139
870,137.6 ,140.25 ,136.15 ,137.4 ,1246835
871,136 ,137 ,132.2 ,133.2 ,1225916
872,132.95 ,135.35 ,131.1 ,134.7 ,803080
873,135.8 ,137.25 ,132.1 ,132.5 ,1190948
874,131.6 ,137.65 ,130.55 ,135.85 ,2321848
875,137 ,138.7 ,136.6 ,138.1 ,1404780
876,139.8 ,141.4 ,137.3 ,138.65 ,1840912
877,140 ,144.55 ,139.5 ,143.4 ,2010949
878,144.2 ,147 ,141.75 ,143.35 ,1775801
879,142.7 ,143.25 ,138.3 ,139.3 ,1680233
880,137 ,140.2 ,135.85 ,137.6 ,1767258
881,137.85 ,139.9 ,134.75 ,138.25 ,2543852
882,141.55 ,144.25 ,139.85 ,143.95 ,2653098
883,145 ,148 ,144.6 ,147.2 ,2179832
884,147.45 ,150.5 ,147.2 ,148.45 ,1457817
885,148 ,150 ,143.1 ,144 ,1327813
886,143.75 ,146 ,137.2 ,142.4 ,3583636
887,141 ,146 ,140.2 ,143.85 ,2195565
888,144 ,145.75 ,140.4 ,141.4 ,1712970
889,141.95 ,141.95 ,135.25 ,137 ,1291541
890,137 ,139.95 ,134.55 ,137.4 ,912617
891,135 ,135.85 ,126 ,127.35 ,3374465
892,126.1 ,130.5 ,121.05 ,124.65 ,2974296
893,125.55 ,127 ,120.9 ,124.85 ,2688206
894,126 ,130.7 ,122.2 ,127.5 ,2262292
895,128.15 ,131.85 ,128 ,129.2 ,4269109
896,129.9 ,131.5 ,123 ,126.65 ,3313188
897,128.75 ,138.9 ,128.55 ,137 ,4558155
898,140 ,145.2 ,138.35 ,144 ,4804351
899,144 ,148.65 ,140 ,148 ,3773397
900,148 ,153 ,144.45 ,151.55 ,2580413
901,151 ,152.35 ,142.05 ,143.45 ,5573806
902,145.95 ,151 ,139.3 ,147.45 ,6631581
903,148.25 ,149.4 ,141.6 ,144.2 ,2770810
904,145.6 ,147.3 ,136.7 ,138.85 ,1202159
905,137 ,147.3 ,137 ,145.8 ,2609231
906,147.8 ,148.4 ,141.35 ,144.2 ,3549063
907,145.45 ,145.6 ,140.35 ,144.5 ,4178091
908,143.45 ,144.95 ,136.9 ,142.4 ,5429484
909,141 ,146.5 ,136.05 ,142.35 ,3588769
910,146 ,147.9 ,131.25 ,136.4 ,10373995
911,135.95 ,138.2 ,131.7 ,133.4 ,2825512
912,133.4 ,137.85 ,133.4 ,136.05 ,846020
913,137.4 ,137.7 ,130.05 ,132.15 ,1493482
914,132.85 ,135.8 ,132.15 ,134.35 ,1210443
915,137 ,137.4 ,133.4 ,135.2 ,1131719
916,136.45 ,139.4 ,134 ,138.25 ,1462712
917,138.55 ,140.7 ,134.65 ,136 ,1937240
918,137.4 ,138.75 ,133.55 ,134.55 ,1948165
919,135.4 ,136.75 ,132 ,133.7 ,2442371
920,133.05 ,136.6 ,133.05 ,135.15 ,2134182
921,138.7 ,138.7 ,133.15 ,134.05 ,1012157
922,134 ,134.95 ,131.45 ,133.5 ,708886
923,133.5 ,137.75 ,131.8 ,136.2 ,2276740
924,138.7 ,144.9 ,136.9 ,143.15 ,3942874
925,145.6 ,145.65 ,139.75 ,144.65 ,1422886
926,143 ,143 ,137.75 ,138.55 ,4790201
927,139.85 ,142.95 ,138.25 ,142.05 ,1403496
928,142.8 ,142.8 ,137.7 ,141.1 ,1381466
929,141.7 ,146.1 ,139.15 ,144.3 ,2112953
930,146.7 ,146.7 ,141.7 ,142.8 ,988254
931,141 ,145.35 ,139.7 ,144.85 ,2572111
932,144.5 ,146 ,141.75 ,143.3 ,1982823
933,144.8 ,150 ,142.85 ,148.05 ,2115077
934,148.55 ,155.2 ,148.55 ,153.65 ,3949769
935,155 ,156.45 ,153.5 ,154.85 ,1528729
936,154.6 ,155.1 ,149 ,149.85 ,1491787
937,149.95 ,153.8 ,149.8 ,151.8 ,2163175
938,152 ,152.9 ,150.4 ,151.65 ,952049
939,153 ,153 ,149 ,149.35 ,777074
940,149.55 ,152.8 ,149.55 ,151.4 ,1151167
941,153 ,153.2 ,147.1 ,149.25 ,1848620
942,150.7 ,158.35 ,148.55 ,155.7 ,3517408
943,155.5 ,158.5 ,154.25 ,155.35 ,2549752
944,156.45 ,158.4 ,155.5 ,157.45 ,1112595
945,156.5 ,159.9 ,155.75 ,157.8 ,2275657
946,155.7 ,158.75 ,151.1 ,153.8 ,2030335
947,154 ,158.2 ,149.55 ,154.75 ,2112650
948,153.9 ,157.2 ,150.55 ,156.55 ,826848
949,157 ,157 ,152.5 ,154.55 ,782577
950,154.9 ,158.25 ,151.1 ,157.3 ,897462
951,157.25 ,161.9 ,156.05 ,159.9 ,1480188
952,161.2 ,165 ,159.3 ,164.5 ,1601117
953,164 ,167.6 ,162.1 ,164.85 ,1503671
954,164.1 ,170.3 ,164.1 ,166.95 ,1701287
955,166 ,172.6 ,165.2 ,171.95 ,1828842
956,172 ,175.5 ,166.75 ,167.75 ,2015569
957,167.45 ,171.7 ,165.75 ,167.9 ,1075489
958,168.95 ,169.45 ,165 ,165.55 ,525003
959,165 ,170.7 ,164.6 ,167.65 ,1846125
960,164.55 ,168.9 ,164.55 ,166.55 ,891002
961,166.5 ,170.5 ,166.4 ,169 ,2353294
962,169.3 ,173.8 ,168.6 ,170.3 ,679780
963,171 ,171.4 ,165.5 ,166.7 ,670880
964,164.55 ,167.25 ,160.5 ,162.1 ,1007683
965,161.8 ,164.2 ,160.95 ,162.75 ,1081121
966,163 ,164.95 ,157 ,158.05 ,693997
967,159 ,160.75 ,155.55 ,159.25 ,946170
968,157.1 ,163.2 ,157.1 ,162 ,801118
969,159.05 ,168.5 ,159.05 ,167.75 ,1085018
970,169.1 ,170.7 ,165.65 ,168.65 ,3258719
971,168.5 ,168.8 ,166.2 ,167.1 ,509294
972,167.8 ,170 ,166.25 ,166.95 ,762415
973,165.45 ,169.5 ,163.35 ,163.8 ,976084
974,163.05 ,167 ,161.1 ,161.95 ,1307451
975,164 ,167.45 ,164 ,165.9 ,1107219
976,166 ,171.4 ,165.85 ,169.55 ,2431700
977,171 ,175 ,168.55 ,174.35 ,1963344
978,176 ,181 ,175.1 ,179.1 ,2816745
979,180 ,184.7 ,178.55 ,183.85 ,2333589
980,183.2 ,186.45 ,179.25 ,180 ,3064898
981,179 ,180.1 ,171.1 ,173.1 ,2522146
982,173.1 ,180.25 ,173.1 ,178 ,1465158
983,178.3 ,183.15 ,174.05 ,176.95 ,1717044
984,177.25 ,179.5 ,175.8 ,176.95 ,3394055
985,176.95 ,178.5 ,172.9 ,174.7 ,2777460
986,174.5 ,188.55 ,173.5 ,185.65 ,3180957
987,184.05 ,190.6 ,183.1 ,188.85 ,1659020
988,190.8 ,193.75 ,186.05 ,187.45 ,1655886
989,186.95 ,190.8 ,183.55 ,189.65 ,1704150
990,190 ,194.8 ,190 ,193.6 ,1350394
991,194.1 ,198.35 ,192.25 ,196.55 ,2917239
992,198.7 ,200.4 ,196.5 ,197.95 ,1027434
993,197.95 ,199.7 ,196.75 ,198.45 ,434871
994,198 ,202.3 ,195.2 ,196.95 ,1109664
995,194.9 ,201 ,194.4 ,200.1 ,1137763
996,200 ,204 ,196.8 ,201.45 ,1773186
997,201.8 ,205 ,201 ,201.75 ,1245497
998,200.45 ,203.5 ,199.9 ,201.6 ,1142574
999,202.65 ,204.6 ,201.55 ,203.7 ,1498691
1000,202.3 ,208.15 ,201.05 ,204.05 ,1576605
1001,204.4 ,206.9 ,203.7 ,206.1 ,1112351
1002,206.85 ,208.7 ,204.4 ,207.7 ,783844
1003,208.05 ,216.35 ,207.3 ,210.2 ,1981101
1004,210.55 ,217.1 ,210.2 ,215.85 ,3629272
1005,216.2 ,217.7 ,212.9 ,216.75 ,1531504
1006,216.7 ,216.95 ,213.6 ,216.35 ,900911
1007,215.5 ,216.2 ,212 ,212.75 ,2411841
1008,211.5 ,216.9 ,210.25 ,214.2 ,1400933
1009,213.5 ,213.9 ,205.1 ,206.7 ,1011926
1010,207 ,208.65 ,201.55 ,204.45 ,2539081
1011,204 ,204 ,192.5 ,193.95 ,2096895
1012,194.1 ,195.95 ,182.6 ,184.85 ,2640599
1013,187 ,196 ,186 ,194.25 ,2634457
1014,193.9 ,196.7 ,178.25 ,187.5 ,9770096
1015,186.4 ,191.5 ,184.3 ,189.1 ,1228656
1016,188.1 ,191.5 ,183.25 ,185.1 ,657846
1017,183.5 ,189.9 ,182.05 ,189.05 ,989349
1018,190 ,192.5 ,188.05 ,190.25 ,1320024
1019,190.2 ,192.65 ,184.1 ,186.8 ,848143
1020,190 ,196.8 ,189 ,195.1 ,1812487
1021,195 ,199.25 ,194.15 ,196.9 ,1455710
1022,197.6 ,197.75 ,188.1 ,188.75 ,1500096
1023,190 ,193.25 ,187.6 ,188.65 ,1020451
1024,189 ,189.95 ,181.2 ,182.8 ,1960737
1025,183.1 ,188.7 ,183.05 ,185.1 ,1596464
1026,186.2 ,187.15 ,181.75 ,182.75 ,936836
1027,183.1 ,187.1 ,182.9 ,186.3 ,760234
1028,184.6 ,188 ,184.6 ,185.55 ,478356
1029,185 ,186 ,181.65 ,182.85 ,568678
1030,183.5 ,185.35 ,178.8 ,180 ,1611291
1031,179.7 ,181.8 ,176.6 ,178.5 ,1182909
1032,179.2 ,186 ,179.2 ,185.15 ,1912888
1033,186.1 ,188.5 ,182.6 ,183.25 ,2671602
1034,184.9 ,185.85 ,182.05 ,182.8 ,1138025
1035,183 ,185.2 ,180.1 ,181.3 ,1329465
1036,181.2 ,183.65 ,179.5 ,182.55 ,1338783
1037,184 ,189.45 ,184 ,187.2 ,1761292
1038,188 ,190.85 ,187.15 ,188.3 ,1681014
1039,189 ,190.9 ,186.4 ,189.2 ,1183172
1040,188.5 ,194.85 ,187.05 ,189.25 ,2464163
1041,189.8 ,193.7 ,188.1 ,189.75 ,1715969
1042,189.9 ,192.2 ,188.55 ,190.9 ,1962774
1043,191.85 ,194.4 ,190.05 ,190.95 ,1422088
1044,187.2 ,190.75 ,184.3 ,187.45 ,1224790
1045,188 ,191.8 ,188 ,189.95 ,1153802
1046,190.5 ,192.95 ,185.55 ,186.2 ,1464033
1047,185 ,188.55 ,184.5 ,186.85 ,761050
1048,187.25 ,190 ,185.25 ,185.6 ,937448
1049,186.25 ,188 ,183.85 ,184.95 ,891612
1050,184 ,186.7 ,179.75 ,181.1 ,2418913
1051,182.1 ,185.5 ,181.25 ,184.6 ,1332254
1052,183 ,189.2 ,183 ,184.5 ,2918646
1053,186 ,186.5 ,182.1 ,183.15 ,1676844
1054,184.5 ,186 ,181.5 ,184.45 ,1222917
1055,185.5 ,193.7 ,184 ,192.75 ,2198307
1056,194.6 ,195.35 ,189.65 ,192.75 ,3448904
1057,193.95 ,202.5 ,193.5 ,200.8 ,4756820
1058,202.6 ,207 ,201.25 ,202.6 ,2528020
1059,203 ,206 ,198.5 ,202.3 ,1325553
1060,201.5 ,204.8 ,200.55 ,204.1 ,1456643
1061,204 ,214.9 ,203.5 ,212.4 ,2489621
1062,211.5 ,223.5 ,209.85 ,216.8 ,3487066
1063,217 ,225.65 ,212.45 ,221.05 ,3362534
1064,221 ,223.3 ,211.6 ,214.3 ,2249461
1065,216.4 ,217 ,209.6 ,215 ,1924574
1066,216.2 ,220.15 ,215.9 ,219.1 ,1405356
1067,220.6 ,222.5 ,217.8 ,218.5 ,1477618
1068,217.55 ,218.8 ,213.45 ,214.7 ,2215281
1069,215.05 ,233.4 ,214.2 ,230.35 ,11856099
1070,233.9 ,279.2 ,233.8 ,276.6 ,31256718
1071,279.4 ,286 ,272.2 ,275.15 ,10854602
1072,274.8 ,285.5 ,265.15 ,268.1 ,7640842
1073,271.2 ,286.55 ,270.65 ,279.95 ,11082260
1074,282 ,287.8 ,277.05 ,278.85 ,3604698
1075,281.5 ,283.4 ,277.2 ,279.2 ,2861078
1076,280.6 ,296 ,279.5 ,282.75 ,11531167
1077,285.1 ,288.3 ,268.5 ,270.85 ,8543415
1078,269.5 ,280.9 ,263.4 ,276.3 ,4398778
1079,270 ,279.85 ,268.3 ,270.1 ,2644560
1080,272 ,277.5 ,270.1 ,274.9 ,1996436
1081,276.05 ,281 ,273.15 ,277.65 ,2726208
1082,275.2 ,279.85 ,269.5 ,271.75 ,1725842
1083,273.55 ,293.4 ,271.1 ,284.85 ,2978624
1084,288.2 ,309.8 ,287 ,305.95 ,4151304
1085,310.5 ,313.5 ,291.6 ,297.25 ,3461268
1086,299.7 ,309.05 ,295.3 ,301.9 ,3994274
1087,302.25 ,311.1 ,302.25 ,306.75 ,2731590
1088,309.45 ,310.9 ,306 ,307.6 ,1144335
1089,310.2 ,322 ,290 ,308.4 ,3055317
1090,309.05 ,313.15 ,299.8 ,304.85 ,1004889
1091,303.65 ,312.8 ,299.05 ,311.05 ,2278881
1092,313 ,321.7 ,305.5 ,308.75 ,4742448
1093,308.75 ,316.5 ,298.05 ,301.8 ,2158634
1094,301.7 ,307.85 ,301 ,305.5 ,766567
1095,305.55 ,308.25 ,300.5 ,302.55 ,911173
1096,302.4 ,309.5 ,302.4 ,307.9 ,856641
1097,306.8 ,316.6 ,306.8 ,313 ,2061544
1098,314 ,320.1 ,310.8 ,315.25 ,1881041
1099,315.25 ,325.5 ,312.8 ,321.3 ,2010576
1100,325.45 ,325.5 ,310.2 ,315.1 ,1164030
1101,316 ,316.8 ,300.05 ,302.7 ,1898912
1102,303 ,310 ,302.15 ,305.7 ,1479856
1103,307 ,308.6 ,288.3 ,296.55 ,1301989
1104,298 ,309 ,285.55 ,301.85 ,2964186
1105,302 ,318.4 ,300.45 ,315.45 ,1963720
1106,312.3 ,322.2 ,305.75 ,313.15 ,1518422
1107,311.05 ,325.95 ,311.05 ,324 ,2523795
1108,327.05 ,328.85 ,310.15 ,312.4 ,2350399
1109,314.6 ,316.7 ,307.15 ,310.05 ,889424
1110,310.55 ,318.9 ,310.55 ,317.9 ,1557087
1111,318.6 ,323.4 ,314.15 ,315.15 ,1786660
1112,316.8 ,330.55 ,313 ,325.35 ,4676411
1113,326.95 ,330.05 ,320.3 ,329.6 ,2864299
1114,331 ,344.9 ,329.1 ,341.45 ,2682685
1115,339.15 ,345 ,333.5 ,335 ,1482632
1116,337.8 ,340.8 ,335.4 ,337.15 ,1499217
1117,340 ,348.8 ,339.5 ,343.7 ,2187976
1118,344.7 ,359.3 ,338.1 ,352.65 ,2940459
1119,347 ,352.35 ,341.2 ,342.25 ,1062306
1120,339.2 ,342 ,319.75 ,322.65 ,3220668
1121,322 ,328.95 ,315.8 ,320.9 ,1958867
1122,319.9 ,330.15 ,311.4 ,321.05 ,2321923
1123,320 ,329 ,317.8 ,321.05 ,1953643
1124,319.05 ,322.95 ,314.1 ,318.45 ,1248784
1125,319.15 ,331.9 ,319.15 ,328.8 ,1596147
1126,332.65 ,334 ,324.25 ,329.6 ,1492192
1127,326.55 ,332.9 ,325.1 ,326.65 ,1597412
1128,324 ,325.95 ,321.05 ,324.65 ,1192884
1129,322.3 ,332.65 ,322.3 ,324.3 ,1940071
1130,324.5 ,328.2 ,320.8 ,324.15 ,978808
1131,325 ,326.5 ,312.3 ,319.2 ,1474483
1132,317.85 ,320.5 ,312.95 ,314.6 ,1743940
1133,312.3 ,318.3 ,305.9 ,314.9 ,1402726
1134,314.3 ,320.95 ,309.45 ,310.85 ,3608196
1135,312.05 ,325.35 ,310.9 ,324.25 ,2138283
1136,324 ,333.9 ,321.9 ,328.85 ,6770218
1137,322.55 ,334.7 ,322.55 ,332.7 ,3420998
1138,330.25 ,335.95 ,329.5 ,334.2 ,2236243
1139,335 ,336.5 ,328.2 ,331.6 ,1430760
1140,329.7 ,338.4 ,329.7 ,333.15 ,1504099
1141,331.7 ,331.7 ,315.45 ,316.55 ,1953208
1142,314.4 ,314.4 ,302 ,303.6 ,1382292
1143,305.35 ,310.4 ,297.15 ,307.55 ,1876168
1144,310.45 ,311.35 ,306.3 ,308.3 ,825061
1145,305.2 ,314.95 ,304 ,305.9 ,1263417
1146,302.8 ,314.9 ,300.05 ,314.15 ,1331651
1147,311.05 ,325 ,311.05 ,324.55 ,1529156
1148,323 ,328.7 ,320.65 ,327.2 ,968552
1149,321.3 ,328.35 ,318.4 ,320.75 ,1143851
1150,321 ,329.6 ,321 ,325.5 ,1529069
1151,325 ,342.4 ,325 ,338.5 ,1730389
1152,341.9 ,345.4 ,322.8 ,324.55 ,2232677
1153,325.5 ,332.25 ,317.4 ,325.55 ,1864666
1154,326.1 ,331.5 ,323.25 ,324.85 ,1884034
1155,326 ,326.9 ,313.75 ,316.1 ,1434448
1156,318.95 ,328.35 ,318.7 ,327.7 ,718289
1157,326.1 ,331.35 ,323.45 ,324.55 ,639086
1158,324 ,345.2 ,324 ,342.85 ,1580017
1159,345.4 ,372 ,343.25 ,369.35 ,5261601
1160,370 ,382 ,365.35 ,378.3 ,3966753
1161,377 ,385 ,370.4 ,380.7 ,1993242
1162,377.05 ,388.7 ,373.85 ,386.1 ,1605467
1163,383.7 ,388.35 ,378 ,380.2 ,963920
1164,380.9 ,384.3 ,370.25 ,373.8 ,1079189
1165,374.3 ,375.85 ,363.1 ,367.8 ,1121908
1166,363.05 ,372.85 ,359.5 ,362.25 ,1276528
1167,359.65 ,368.8 ,340.45 ,342.25 ,1929660
1168,344.05 ,351.75 ,335 ,343.35 ,1795533
1169,339.9 ,363.5 ,337.05 ,359.4 ,2330658
1170,362.4 ,368.3 ,350.75 ,353 ,2332110
1171,349.5 ,358.4 ,348.5 ,354.95 ,1064142
1172,354 ,362.95 ,347.2 ,348.45 ,1236604
1173,345 ,349.45 ,336.15 ,345.7 ,840250
1174,342.35 ,348 ,328.75 ,335.9 ,1596774
1175,333.5 ,341.3 ,326.65 ,338.4 ,897067
1176,339.95 ,350 ,337 ,347 ,695360
1177,345.45 ,347.85 ,337 ,340.05 ,787400
1178,338.2 ,341.95 ,334.6 ,338.7 ,542390
1179,336.25 ,344.9 ,336.25 ,338.65 ,611660
1180,335.65 ,342.95 ,334.6 ,338.75 ,393842
1181,339.9 ,344.9 ,338.05 ,342 ,810515
1182,340 ,340 ,330.5 ,331.85 ,635922
1183,330 ,336.9 ,325.5 ,334.9 ,401757
1184,347.75 ,355.9 ,342.75 ,344.2 ,2583230
1185,343.5 ,345.1 ,313.7 ,320.05 ,1852453
1186,323.7 ,326 ,315.55 ,322.75 ,1271616
1187,329.65 ,333.3 ,324.45 ,330.6 ,1088968
1188,333.35 ,336.7 ,319.4 ,326.85 ,2830831
1189,330 ,336.5 ,327.7 ,335.65 ,1722355
1190,336.9 ,337.85 ,335 ,336.2 ,127121
1191,338.7 ,344 ,333.9 ,335.95 ,2080440
1192,334.6 ,338.5 ,333.15 ,335.2 ,910322
1193,336.5 ,343.3 ,335 ,342.05 ,1246320
1194,341.5 ,344.8 ,338.5 ,340.05 ,2439996
1195,340.4 ,350.5 ,340.4 ,348.55 ,1529698
1196,349 ,349.8 ,340.85 ,342.75 ,1320671
1197,343 ,353.5 ,337.5 ,338.45 ,2657732
1198,340 ,340.75 ,328.65 ,333.35 ,1071876
1199,333 ,339 ,331.4 ,335.6 ,1026040
1200,337.9 ,337.9 ,327.1 ,329.5 ,1481237
1201,330.3 ,351.2 ,329 ,348.4 ,2766350
1202,350 ,361.45 ,347 ,358.25 ,3461323
1203,361 ,365.4 ,356.65 ,361.75 ,2417406
1204,361 ,363.1 ,356.3 ,358.7 ,879555
1205,359.3 ,365 ,353.25 ,359.45 ,834721
1206,360.5 ,370 ,342 ,347.9 ,2532107
1207,348.05 ,354.5 ,345.9 ,353.3 ,1041122
1208,354.9 ,358 ,346.6 ,350.2 ,1355465
1209,350.35 ,358.95 ,348.25 ,354.85 ,1621618
1210,352.5 ,354 ,338.05 ,343.25 ,942525
1211,341.5 ,344.95 ,336.5 ,338.5 ,1425743
1212,340 ,340.9 ,332.2 ,338.5 ,1929650
1213,336.75 ,348.5 ,336.75 ,345.8 ,1566015
1214,346.8 ,350.5 ,341.35 ,343.35 ,1066292
1215,341.4 ,346.55 ,339.05 ,344.8 ,1794442
1216,347.6 ,350.5 ,343.1 ,346.7 ,1184789
1217,347.4 ,349 ,338.7 ,339.7 ,1468280
1218,340 ,342.7 ,333.6 ,335.75 ,1439689
1219,337.7 ,337.7 ,327 ,330.5 ,1618878
1220,330 ,331.5 ,316.1 ,318.05 ,1968101
1221,316.3 ,329.4 ,315.15 ,327.65 ,1511604
1222,325.1 ,328.25 ,318.15 ,322.75 ,1424813
1223,321.55 ,323.85 ,301.55 ,308.95 ,2494163
1224,308.5 ,311.7 ,299.45 ,307.3 ,1784857
1225,304.5 ,312.95 ,301 ,302.7 ,2804445
1226,300 ,314.8 ,300 ,311.85 ,2863846
1227,314.3 ,324.95 ,313.55 ,321.3 ,2277930
1228,325.5 ,328.65 ,321 ,322.9 ,1845892
1229,322.6 ,331.95 ,322.6 ,330.85 ,1232585
1230,331.6 ,333.1 ,326.5 ,330.65 ,1335033
1231,330.05 ,337.45 ,328 ,331.25 ,2846025
1232,331.25 ,334.9 ,329 ,334.2 ,670590
1233,333.25 ,340.9 ,333.1 ,336.1 ,1064046
1234,336.1 ,340.4 ,335.4 ,338.1 ,815900
1235,336.6 ,349 ,336.6 ,346.55 ,1976913
1236,346.2 ,346.2 ,338.45 ,341.6 ,525154
1237,341.75 ,355.25 ,341.75 ,352.25 ,2323652
1238,350 ,354 ,345.1 ,345.7 ,970159
1239,342.95 ,342.95 ,326.1 ,328.95 ,1380745
1240,327.9 ,334.6 ,315.3 ,323.05 ,2480122
1241,326.05 ,334.65 ,323.89 ,332.8 ,1494112
1242,334.9 ,338.45 ,327.3 ,332.35 ,2060313
1243,332.8 ,334.95 ,328.05 ,330.6 ,900701
1244,332 ,357.4 ,332 ,344.75 ,4629859
1245,345.8 ,359.9 ,343 ,358.2 ,2878372
1246,363 ,365 ,353.6 ,362.5 ,1983289
1247,361.5 ,373.95 ,358.95 ,370.15 ,1853314
1248,370.7 ,374.5 ,367.25 ,371.05 ,1490704
1249,372 ,375.2 ,369.1 ,371.35 ,1252342
1250,372.8 ,372.8 ,357.1 ,364.3 ,1639284
1251,363.05 ,367.6 ,357 ,360.35 ,1148951
1252,363.75 ,365.55 ,356.3 ,358.05 ,1025195
1253,359 ,363 ,349 ,350.65 ,1327359
1254,353 ,360.3 ,349.25 ,354.25 ,1093703
1255,354 ,367.4 ,350.2 ,365.2 ,1722592
1256,369.8 ,374.25 ,364 ,368.35 ,1265602
1257,369.9 ,395.7 ,359.05 ,393.8 ,4039918
1258,397.05 ,419 ,389.75 ,416.3 ,7005164
1259,418.8 ,436 ,415.15 ,429.6 ,6008793
1260,428 ,428 ,415.65 ,417.95 ,1841414
1261,414 ,436.75 ,409.05 ,428.35 ,3732392
1262,426 ,426 ,409 ,413.6 ,1405363
1263,412.3 ,429.5 ,411.35 ,424.65 ,1641816
1264,427.05 ,439.9 ,418.05 ,435.65 ,3583011
1265,439.5 ,447.75 ,437.2 ,442.15 ,1886537
1266,442.65 ,443.05 ,426.7 ,429.6 ,1530513
1267,428 ,436.4 ,422.15 ,426.45 ,991380
1268,426.45 ,430.1 ,416.55 ,417.85 ,1055227
1269,419.8 ,433.25 ,419 ,427.95 ,1291594
1270,427.85 ,427.85 ,417.1 ,421.05 ,853791
1271,425.1 ,428.9 ,413.35 ,417.15 ,1422503
1272,415.15 ,424 ,411.75 ,414.1 ,1966082
1273,416.8 ,421.6 ,404 ,411.25 ,2936426
1274,412 ,414.25 ,399.1 ,407.35 ,1477562
1275,408.5 ,421.4 ,408.5 ,419.8 ,1015008
1276,418 ,425.75 ,415.6 ,422.85 ,865497
1277,423.1 ,426.25 ,417.1 ,418.55 ,640048
1278,422.6 ,426 ,411.3 ,415.25 ,1392030
1279,417.5 ,424 ,414.05 ,421.7 ,1104006
1280,422.2 ,439.95 ,417.7 ,436.5 ,2730311
1281,440.25 ,442.2 ,432 ,433.9 ,1356430
1282,432.3 ,434.8 ,424 ,425.55 ,698885
1283,424 ,431.8 ,420.25 ,428.85 ,950802
1284,431.05 ,434 ,409.6 ,413.2 ,1327374
1285,413.2 ,414.7 ,400.75 ,408.35 ,1158109
1286,408.9 ,422.95 ,407.45 ,417.55 ,1858087
1287,421 ,428.4 ,417.2 ,422.45 ,1325369
1288,426 ,433.75 ,419.8 ,428.3 ,1820649
1289,434.7 ,436.5 ,411.3 ,417.3 ,2324985
1290,419 ,425.95 ,416.15 ,419.8 ,1140061
1291,419.7 ,423.85 ,413.55 ,414.45 ,725735
1292,415.9 ,425.5 ,415 ,419.95 ,959717
1293,419.8 ,431.05 ,417.35 ,426.85 ,1694828
1294,430 ,446.95 ,415.5 ,435.25 ,2625045
1295,439.7 ,445.9 ,437 ,440.6 ,1485677
1296,442.9 ,457.85 ,438.35 ,442.15 ,2623854
1297,443.5 ,449.65 ,435.95 ,440.7 ,1263388
1298,440.7 ,452.5 ,438.4 ,450.3 ,1888769
1299,454.85 ,478.8 ,451.05 ,473.25 ,2842805
1300,475.95 ,475.95 ,458.4 ,462.25 ,1741004
1301,462.6 ,470.15 ,452.15 ,454.25 ,1885806
1302,453.8 ,465.2 ,453 ,463.4 ,1762467
1303,464.95 ,478.4 ,462.6 ,474.7 ,3325753
1304,476 ,485 ,458.35 ,460.85 ,3550023
1305,462.9 ,467.85 ,438.65 ,451.95 ,1788201
1306,453.8 ,455.9 ,427.35 ,428.9 ,2555563
1307,429 ,429.45 ,404.1 ,409.9 ,1997796
1308,409.4 ,429.5 ,397.35 ,424.95 ,1804540
1309,428.4 ,435.55 ,418.2 ,429.85 ,2093006
1310,432.9 ,439.5 ,431.2 ,437.25 ,1526047
1311,438.7 ,438.7 ,423.65 ,434.7 ,1267341
1312,431.6 ,452.75 ,424.15 ,445.85 ,5126962
1313,448 ,479.85 ,444.1 ,475.85 ,3496279
1314,475 ,483.2 ,466 ,468.65 ,2439809
1315,466 ,496 ,462.25 ,490.65 ,5377455
1316,491.5 ,501.4 ,485.1 ,497.15 ,3005925
1317,494.3 ,505.9 ,487.3 ,495.1 ,2614949
1318,491.5 ,502 ,476.7 ,478.9 ,3380818
1319,484.9 ,493.8 ,475.1 ,488 ,2026498
1320,494.5 ,510.9 ,492.35 ,506.55 ,1845532
1321,510.75 ,512.6 ,500.4 ,504.75 ,2852382
1322,499.55 ,502 ,477.2 ,489.1 ,3186825
1323,496.9 ,513.29 ,495.25 ,507.8 ,4812652
1324,510.5 ,525 ,510.45 ,515.25 ,2861613
1325,516.4 ,526.5 ,515.1 ,521.35 ,1609375
1326,521.45 ,532 ,519.29 ,527.7 ,2886536
1327,527.79 ,533.15 ,518.75 ,521.15 ,1198711
1328,525 ,529 ,514.6 ,517.15 ,1776499
1329,519.7 ,540.6 ,519.2 ,538.79 ,2540373
1330,547 ,547 ,529.54 ,537.65 ,1324857
1331,538.7 ,555.4 ,537.85 ,551.6 ,2123650
1332,551.6 ,568.4 ,546.1 ,565.25 ,4126700
1333,557.1 ,560 ,532.29 ,537.1 ,4634250
1334,532 ,541.7 ,510.2 ,518.9 ,4624566
1335,518.6 ,570 ,512.79 ,552.65 ,31588737
1336,535 ,561.5 ,532.15 ,543.04 ,3212973
1337,546.4 ,555.65 ,525.65 ,531.1 ,1914326
1338,531.95 ,544.85 ,526.65 ,539.9 ,2228295
1339,541.25 ,563.4 ,541.25 ,560.5 ,2304583
1340,560.25 ,567.79 ,543.65 ,550.15 ,2422295
1341,548.7 ,548.7 ,532.65 ,534.6 ,1713261
1342,533 ,536.1 ,512.85 ,516.4 ,2301317
1343,518.5 ,525.79 ,511.4 ,520.75 ,1466414
1344,526 ,526.85 ,504 ,506.55 ,1275865
1345,506.4 ,526.95 ,501.4 ,524.04 ,1309872
1346,526.4 ,536 ,511.2 ,514.1 ,2231819
1347,513 ,522.7 ,507.75 ,519.2 ,1353251
1348,522.79 ,536 ,519.35 ,532.29 ,1439829
1349,533.4 ,536.5 ,523.25 ,525.04 ,1122710
1350,527.79 ,528.29 ,516.54 ,521.5 ,1969637
1351,524.75 ,550.04 ,521.5 ,546.2 ,2065756
1352,551 ,562.29 ,550.45 ,559.45 ,2476051
1353,560 ,564.04 ,536.5 ,541.45 ,1827927
1354,539.9 ,561 ,536.9 ,557.95 ,4138639
1355,553.04 ,574.79 ,546.29 ,559.04 ,2857890
1356,541 ,551.6 ,536.5 ,538.15 ,1383006
1357,540.79 ,547 ,531.25 ,535.6 ,2507753
1358,538.79 ,550.7 ,537 ,547.2 ,1688333
1359,547.45 ,556.7 ,543.54 ,548.9 ,1188478
1360,551 ,557.4 ,544 ,547.4 ,928121
1361,540 ,560 ,539 ,558.6 ,1579059
1362,559.1 ,562.4 ,548.29 ,552.9 ,1703178
1363,548 ,552.75 ,530.25 ,533.29 ,1794636
1364,533.2 ,533.2 ,514 ,516.79 ,3534740
1365,520 ,525.6 ,514.6 ,518.7 ,2940194
1366,520.5 ,525.4 ,511 ,521.29 ,1917945
1367,522.5 ,529.5 ,520.04 ,522.5 ,1722690
1368,523.45 ,529.2 ,519.04 ,526.75 ,1189616
1369,524.2 ,539 ,521.2 ,536.45 ,2046679
1370,539.95 ,544.25 ,531.65 ,533.95 ,1510162
1371,535.5 ,549.5 ,533.7 ,546.6 ,1454628
1372,547 ,555 ,538.04 ,543 ,1518086
1373,544.7 ,552.9 ,542.04 ,546.15 ,1428131
1374,549.9 ,550 ,537 ,541.29 ,845344
1375,542.7 ,549.9 ,533.6 ,536.5 ,1003279
1376,537 ,546.95 ,522.5 ,536.85 ,1249836
1377,535.79 ,546 ,524 ,526.15 ,1013284
1378,531.5 ,538.7 ,515 ,526.7 ,2188494
1379,530 ,534 ,517.5 ,519.29 ,1393239
1380,520 ,548 ,519.5 ,535.7 ,2365115
1381,536.95 ,546.35 ,535 ,541.29 ,974202
1382,542 ,563 ,541.5 ,560.79 ,2134441
1383,565.6 ,575 ,562.04 ,566.5 ,2231870
1384,567.85 ,568 ,546.4 ,550.25 ,1431421
1385,551.79 ,556 ,542.25 ,544.04 ,1322244
1386,544.9 ,572 ,544 ,562.85 ,2654039
1387,566.4 ,576.4 ,555 ,562.35 ,2536983
1388,555 ,559.4 ,540.79 ,542.7 ,888524
1389,548 ,564 ,545.04 ,552.04 ,1848242
1390,555 ,559.85 ,544.1 ,547.5 ,1529736
1391,548.7 ,558.95 ,536.5 ,553.45 ,938696
1392,558 ,564.5 ,552.5 ,560.54 ,699849
1393,561 ,571 ,556.25 ,565.1 ,1043748
1394,563 ,565.1 ,545 ,547.5 ,1020542
1395,542.9 ,542.9 ,520.35 ,535.7 ,1016733
1396,519.79 ,519.79 ,456 ,488.45 ,2089969
1397,493 ,507.45 ,484.75 ,499.9 ,2227508
1398,499.9 ,517.95 ,492.45 ,505.35 ,1417127
1399,514 ,527.95 ,512 ,518.75 ,1817347
1400,525 ,533.7 ,514.4 ,521.75 ,1876785
1401,515.1 ,517.35 ,500.2 ,502.55 ,1581237
1402,498 ,530 ,494.05 ,525.85 ,2975680
1403,532 ,540 ,526.95 ,531.04 ,1903304
1404,541 ,551.4 ,537.4 ,548 ,2705817
1405,547.35 ,547.35 ,521.6 ,529.65 ,1021963
1406,535 ,535.15 ,521.9 ,525.04 ,1059870
1407,526.7 ,530 ,499.25 ,518.79 ,1749201
1408,527.9 ,533.9 ,515.54 ,520.6 ,1285639
1409,509 ,515 ,485.1 ,496.1 ,2736465
1410,497 ,509.8 ,487.8 ,506.45 ,2060779
1411,509.8 ,510 ,495 ,502.15 ,1970032
1412,504.2 ,506 ,490 ,492.2 ,1534820
1413,496.45 ,501 ,473.5 ,477.9 ,2237627
1414,487.95 ,502.4 ,475 ,481.05 ,7956559
1415,478 ,484 ,468.25 ,470.75 ,1544396
1416,478 ,482 ,458.8 ,462.6 ,1349592
1417,456 ,467 ,449.05 ,465.05 ,1541765
1418,465.7 ,469.2 ,460.5 ,466.5 ,1605687
1419,468.7 ,471.85 ,451.05 ,454.35 ,762139
1420,446.2 ,451.15 ,438 ,441.3 ,1350701
1421,449 ,461.7 ,443.75 ,458.3 ,1974376
1422,463.4 ,463.5 ,448.15 ,454 ,951801
1423,457.85 ,457.85 ,433.8 ,452 ,2194832
1424,457.3 ,466.7 ,452 ,464.75 ,1818228
1425,466.8 ,466.8 ,444.5 ,448.9 ,1932827
1426,450 ,452.6 ,439.8 ,444.55 ,2528715
1427,445.25 ,455.95 ,445.25 ,453 ,1384209
1428,457.5 ,469 ,455.1 ,467.2 ,1121083
1429,471 ,477.45 ,467.2 ,475.6 ,1499509
1430,475 ,478.95 ,465.2 ,470.3 ,1044419
1431,472 ,478.5 ,468.3 ,476.45 ,2161269
1432,477 ,482.95 ,463.25 ,476.55 ,1184018
1433,476.55 ,489.8 ,475.75 ,488.05 ,1316455
1434,487 ,489 ,475.05 ,481.75 ,823741
1435,481.9 ,486.4 ,470.5 ,479.65 ,794664
1436,481.5 ,487.85 ,460 ,461.75 ,1280785
1437,466 ,468.9 ,440.8 ,448.05 ,4335896
1438,451.7 ,472.25 ,449.75 ,469.1 ,2355493
1439,471.45 ,480.4 ,464.2 ,474.15 ,1783549
1440,474.15 ,479.5 ,472.65 ,475.75 ,1201263
1441,477 ,480.6 ,456.65 ,459.7 ,1719569
1442,460.6 ,464 ,451.5 ,458.15 ,865592
1443,458 ,461.9 ,450.1 ,451.3 ,968077
1444,453 ,456.9 ,443.1 ,454.6 ,1562015
1445,453 ,455.05 ,437.6 ,439.55 ,1040337
1446,438.95 ,451.3 ,433 ,448.55 ,1583891
1447,444.9 ,463.45 ,436.25 ,460.8 ,1265863
1448,459 ,460 ,448.6 ,453.3 ,779640
1449,454.6 ,459.9 ,451.85 ,453.9 ,86942
1450,443.05 ,446 ,430 ,434.95 ,1583633
1451,433.6 ,443.9 ,430.85 ,439.2 ,934593
1452,446.15 ,448 ,438.05 ,444.75 ,1041420
1453,447.5 ,454 ,442.1 ,445.05 ,1008769
1454,449.5 ,455.75 ,445.25 ,449.9 ,811795
1455,453.65 ,462.85 ,451.15 ,459.2 ,1055313
1456,464 ,472 ,439.25 ,441.95 ,4313904
1457,445.85 ,446.6 ,435.5 ,437.05 ,1662616
1458,438.65 ,440.5 ,429.2 ,430.4 ,1486957
1459,433.9 ,435.45 ,419.4 ,421.05 ,1512089
1460,419.1 ,424.95 ,413.1 ,415.75 ,2475188
1461,417.9 ,430 ,417.9 ,425.15 ,1106297
1462,426 ,431.9 ,422.7 ,424.6 ,1167204
1463,422.15 ,426.15 ,419.25 ,421.4 ,657075
1464,417 ,421.25 ,416 ,418.9 ,994791
1465,421.5 ,422.2 ,409.3 ,413.75 ,915637
1466,412 ,412.6 ,402.65 ,404.55 ,1588166
1467,400.75 ,401.25 ,390.6 ,394.75 ,1603146
1468,394.7 ,411.9 ,387.3 ,408.4 ,1710557
1469,411 ,412.75 ,395 ,396.6 ,1170160
1470,393.9 ,407.2 ,385 ,405.15 ,1166655
1471,407 ,419.95 ,405.25 ,419.1 ,2061454
1472,422.8 ,425.75 ,419.5 ,424.4 ,1538339
1473,425 ,428.9 ,417 ,427.05 ,1564141
1474,410 ,424.8 ,410 ,422.15 ,1378187
1475,416.7 ,433.7 ,416.7 ,428.15 ,1035996
1476,428 ,431.95 ,424.5 ,427.2 ,988129
1477,428.55 ,436.4 ,427.65 ,434.15 ,899827
1478,435 ,435.65 ,429.8 ,433.05 ,315309
1479,433.05 ,436.8 ,431 ,434.85 ,640557
1480,434.5 ,438 ,430.05 ,433.85 ,425114
1481,433.85 ,438 ,430.3 ,434.95 ,445346
1482,435 ,443.7 ,430.5 ,438.1 ,3480136
1483,438.1 ,442.75 ,435.6 ,440.35 ,215763
1484,436.5 ,445 ,426.8 ,433.85 ,707107
1485,436.5 ,437.65 ,427.55 ,435.3 ,840235
1486,434.65 ,445.2 ,433.35 ,443.35 ,944180
1487,441.5 ,441.5 ,412.2 ,417.4 ,1104380
1488,421 ,428.55 ,417.55 ,425.45 ,584362
1489,420 ,427.85 ,417.3 ,424.9 ,641044
1490,426.2 ,432.6 ,419.75 ,424.9 ,850649
1491,430.15 ,430.15 ,404.3 ,411.1 ,1079341
1492,404.1 ,405.9 ,391.65 ,398.55 ,1283876
1493,401 ,405 ,388.55 ,390.35 ,1364926
1494,385.6 ,394.25 ,374.65 ,388 ,951035
1495,389 ,398.9 ,387.1 ,391.95 ,768965
1496,385 ,388.45 ,370.35 ,373.45 ,1847785
1497,372.1 ,382.4 ,372 ,377.7 ,1406889
1498,382.65 ,402.25 ,380.25 ,399.2 ,1035614
1499,402.8 ,405.1 ,394.25 ,401.6 ,720941
1500,404 ,416.7 ,401 ,413.15 ,1484018
1501,413.1 ,421 ,409.05 ,410.65 ,1468535
1502,413.95 ,438.9 ,410.9 ,437.15 ,2515714
1503,441 ,441.95 ,430.5 ,438.15 ,897004
1504,437 ,438 ,412.6 ,416 ,1139482
1505,409 ,413.85 ,402.85 ,409.1 ,737736
1506,414.7 ,418.25 ,397.5 ,405.25 ,870586
1507,407.85 ,414.85 ,403.55 ,412 ,912361
1508,413.5 ,418 ,401.05 ,403.55 ,466188
1509,399.5 ,405.05 ,386.3 ,390.3 ,679610
1510,385 ,397.95 ,384.2 ,395.3 ,942150
1511,393 ,397.75 ,376.8 ,387.7 ,1242801
1512,388.85 ,393.3 ,367.25 ,379.4 ,1044446
1513,385 ,408.9 ,385 ,405 ,896406
1514,407 ,414 ,400.35 ,403.45 ,1253942
1515,402.9 ,407 ,382.6 ,395.6 ,863061
1516,402.7 ,403 ,387.5 ,393.7 ,533185
1517,392 ,400 ,382.75 ,398.05 ,659256
1518,399 ,402.95 ,392 ,394.7 ,626194
1519,395 ,399.65 ,388 ,394.35 ,581248
1520,391.8 ,393.5 ,376.55 ,378.7 ,735394
1521,379.95 ,386.25 ,369.45 ,382.2 ,1598429
1522,386 ,390 ,376 ,378.55 ,893981
1523,377 ,388.3 ,368.25 ,381.65 ,1515535
1524,382.4 ,410.4 ,382 ,406.3 ,1165938
1525,408.2 ,423.5 ,408.2 ,411.55 ,1365655
1526,424 ,426.95 ,416.25 ,424.75 ,1197877
1527,424.1 ,448.2 ,424.1 ,444.8 ,2811572
1528,444 ,444.75 ,431.45 ,435.5 ,736768
1529,433 ,438.4 ,428.5 ,435.05 ,1003946
1530,437.8 ,454.4 ,435 ,447.45 ,1587424
1531,445 ,446.65 ,432 ,438.5 ,730722
1532,441 ,447.6 ,438.1 ,440 ,436110
1533,438 ,442 ,432.15 ,434.25 ,512726
1534,434 ,436.4 ,420 ,430.4 ,596291
1535,436 ,444.6 ,433.7 ,437.3 ,771562
1536,442.1 ,445.85 ,430.55 ,441 ,823538
1537,442 ,446.45 ,433.6 ,445.25 ,830843
1538,446.8 ,448.4 ,438.2 ,444.4 ,986603
1539,443.95 ,458.6 ,442.95 ,456.35 ,1058026
1540,461 ,465.2 ,447.65 ,451.65 ,975892
1541,451.6 ,462.4 ,449.25 ,451.35 ,1091922
1542,454 ,475.4 ,454 ,472.1 ,2170665
1543,470.15 ,483 ,466.15 ,477.7 ,1336470
1544,474.45 ,474.85 ,461.45 ,466.45 ,801799
1545,471 ,471.55 ,460.5 ,467.5 ,707374
1546,466.7 ,476.7 ,456.6 ,458.6 ,848376
1547,458.05 ,464 ,448.55 ,458 ,859881
1548,459 ,469.25 ,453.4 ,462.75 ,598326
1549,466.8 ,468.7 ,457.6 ,460 ,508493
1550,462 ,477.25 ,458.15 ,475.85 ,1566863
1551,478 ,499.6 ,477 ,493.65 ,2445049
1552,501 ,506.8 ,498.2 ,503.8 ,1496067
1553,505 ,512.45 ,502.2 ,507.25 ,1076904
1554,511.1 ,511.4 ,496.75 ,504.4 ,1568927
1555,506 ,518 ,506 ,514.2 ,1126424
1556,510.55 ,524.85 ,507.5 ,523.3 ,1423016
1557,523.05 ,526.8 ,514.5 ,524.6 ,1333751
1558,520 ,524.55 ,508.3 ,510.55 ,1226441
1559,507.1 ,518.35 ,505.5 ,514.95 ,947980
1560,514 ,522 ,510.9 ,516.95 ,1813795
1561,518 ,542 ,517.9 ,537.9 ,3545802
1562,541.65 ,599.75 ,538.3 ,594.9 ,8363282
1563,595 ,603.4 ,576.25 ,579.45 ,3294214
1564,579.7 ,586.45 ,571.2 ,579.1 ,2464332
1565,582.5 ,606.9 ,577.55 ,592.45 ,2775356
1566,590.9 ,608 ,587.75 ,592.9 ,2663003
1567,596.05 ,596.05 ,582.2 ,587.2 ,1296772
1568,590.5 ,597.85 ,583.1 ,588.6 ,2074272
1569,582 ,599.5 ,577.8 ,593.55 ,1807615
1570,596.4 ,606.8 ,594.6 ,599.35 ,2358945
1571,601.55 ,612.95 ,572.9 ,583.75 ,3224504
1572,583.2 ,591 ,576.25 ,584.85 ,1465565
1573,588 ,593.4 ,577.3 ,580.2 ,2001669
1574,578 ,578.9 ,564.15 ,570.4 ,1621554
1575,569.5 ,576.8 ,558.5 ,561.05 ,1304016
1576,562 ,580.8 ,555 ,576.3 ,2081809
1577,579.4 ,585.4 ,568.1 ,570.7 ,1146103
1578,571.8 ,574.1 ,564.2 ,568.25 ,1289741
1579,573.7 ,590.8 ,573.7 ,588.35 ,2033177
1580,591.3 ,598.65 ,588 ,592.95 ,5711005
1581,594.7 ,603.7 ,591.2 ,595.4 ,1436979
1582,597.9 ,602.6 ,586.4 ,591.75 ,1165140
1583,594.5 ,607.5 ,590.25 ,595.5 ,3304889
1584,598.25 ,598.35 ,585.4 ,591.35 ,1586330
1585,592 ,609.2 ,590.3 ,604.95 ,3717971
1586,608 ,616.95 ,603.05 ,606.05 ,2649694
1587,608 ,616.35 ,606.2 ,611.6 ,2219453
1588,614.65 ,614.95 ,596.4 ,600.1 ,1877935
1589,600 ,605 ,594 ,599.1 ,1053752
1590,600.05 ,602.3 ,587.05 ,590.4 ,1072892
1591,586.6 ,589.75 ,578.05 ,580 ,1613356
1592,577.5 ,588.7 ,566.55 ,586.9 ,962031
1593,590 ,591.85 ,576 ,582.4 ,888684
1594,584.9 ,589 ,580.5 ,584.9 ,773670
1595,583 ,583 ,561.5 ,568.45 ,1799304
1596,572.1 ,576 ,564.55 ,567.15 ,947393
1597,561.05 ,571.35 ,556.65 ,569.05 ,2254686
1598,571.9 ,574.2 ,560.35 ,561.55 ,1454154
1599,563.9 ,566.3 ,551.6 ,556 ,1002547
1600,556 ,557 ,540.5 ,542.05 ,1730836
1601,525 ,543 ,490 ,540.2 ,2646553
1602,541.8 ,548.5 ,538 ,545 ,638103
1603,547.85 ,552.8 ,543.55 ,546.15 ,1999615
1604,549 ,554.5 ,545.65 ,549.65 ,1485978
1605,553.45 ,563.9 ,548.1 ,550.1 ,2332269
1606,553.9 ,563.75 ,553 ,560.5 ,1872015
1607,563.7 ,566.7 ,554.25 ,555.9 ,1011628
1608,552 ,553.2 ,542.5 ,546.3 ,908529
1609,544 ,558.5 ,541.05 ,554.25 ,1626218
1610,556.7 ,561.2 ,547.5 ,551.65 ,1519023
1611,554 ,557.35 ,538.35 ,546.6 ,912927
1612,546 ,552.35 ,543.35 ,550.2 ,1075599
1613,550.2 ,563.8 ,547.55 ,561.3 ,2214242
1614,563.95 ,571 ,561.6 ,569.1 ,2219908
1615,571.9 ,573.95 ,563.1 ,566.6 ,1454009
1616,567.7 ,569 ,551.25 ,555.7 ,615211
1617,555.65 ,559.6 ,549 ,553.2 ,987524
1618,553.2 ,556 ,550.6 ,552.75 ,837136
1619,553.3 ,561.5 ,549 ,559.1 ,1183414
1620,561.8 ,586 ,560.3 ,584.1 ,2229256
1621,586.7 ,586.7 ,574.45 ,579.4 ,1071407
1622,579.4 ,589.75 ,574.35 ,578.1 ,1260143
1623,581 ,610.85 ,581 ,608.8 ,5370941
1624,612.75 ,618 ,602.8 ,610.1 ,2784990
1625,612.95 ,629.75 ,605.95 ,624.85 ,8831562
1626,627.95 ,629.95 ,607.35 ,611.6 ,1815342
1627,615.9 ,616.95 ,582.2 ,588 ,2398932
1628,588 ,594.8 ,575.85 ,583.2 ,2287439
1629,588.85 ,606.35 ,586.15 ,602.3 ,2435520
1630,604 ,616.35 ,603.05 ,614 ,1354323
1631,614.6 ,629.4 ,614.5 ,622.15 ,1849660
1632,625.95 ,625.95 ,605.5 ,615.9 ,1169212
1633,618.15 ,629 ,614.75 ,620.3 ,1793127
1634,620.9 ,636.45 ,614.6 ,628.35 ,2324769
1635,629.55 ,634.9 ,626.85 ,629.55 ,1120266
1636,632 ,637.75 ,620.2 ,626.2 ,1097689
1637,627 ,646.4 ,623.05 ,642.6 ,1706075
1638,646 ,652.5 ,639.1 ,644.05 ,1594279
1639,646.25 ,649.9 ,638 ,645.2 ,1211146
1640,644 ,655.5 ,641.35 ,652 ,1553265
1641,648 ,653.6 ,639.8 ,645.25 ,913169
1642,642.05 ,651.7 ,641.15 ,644.2 ,737226
1643,645 ,646.05 ,629.3 ,632.25 ,1421234
1644,634.5 ,639 ,625.65 ,634.8 ,1284634
1645,631.6 ,649.2 ,631.6 ,637.15 ,1693138
1646,640.05 ,643.7 ,637.95 ,638.75 ,517904
1647,641.4 ,644.65 ,634.75 ,638.95 ,1414184
1648,639.9 ,645 ,612.8 ,627.15 ,876847
1649,625.1 ,639.9 ,617.1 ,635.2 ,936009
1650,632 ,650.8 ,632 ,647.95 ,1201199
1651,646.6 ,668 ,646.55 ,660.85 ,2101398
1652,661 ,662.6 ,652.35 ,659.35 ,656016
1653,650 ,671.35 ,650 ,660.5 ,1633446
1654,648 ,657.9 ,635.1 ,649.1 ,1753618
1655,648.35 ,700.25 ,648.35 ,696.3 ,2349569
1656,703.1 ,710.7 ,682.25 ,684.75 ,2481208
1657,686.55 ,700.5 ,682.55 ,692.8 ,3224824
1658,699.7 ,699.7 ,678.9 ,682.25 ,1953697
1659,686 ,691.25 ,677.6 ,679.8 ,1396637
1660,682.4 ,697 ,675.75 ,684.2 ,1933873
1661,691 ,696.3 ,680.8 ,684.25 ,1694575
1662,688 ,706.9 ,683.1 ,692.4 ,2740874
1663,694.2 ,694.2 ,678.65 ,682.15 ,1229284
1664,686.7 ,694.9 ,680.75 ,683.7 ,1391126
1665,688 ,690.85 ,679.3 ,683 ,1854121
1666,687.45 ,687.55 ,643.15 ,650.3 ,2010374
1667,645 ,677 ,644.15 ,673.85 ,890121
1668,675.9 ,686.2 ,674.05 ,680.2 ,770968
1669,682.7 ,682.7 ,663.2 ,676.5 ,974764
1670,681 ,688.8 ,675.75 ,680.4 ,1141880
1671,682 ,683.3 ,666.35 ,671.5 ,911842
1672,673.5 ,681 ,668.35 ,672.2 ,603127
1673,678.3 ,679.4 ,670 ,670.9 ,263590
1674,667.9 ,673.3 ,647.8 ,669.35 ,1318319
1675,670 ,686 ,666.3 ,683.35 ,1146193
1676,678.8 ,693 ,678 ,686.85 ,1817729
1677,690 ,694.35 ,687.1 ,692.6 ,1109599
1678,693 ,712.75 ,683.25 ,710.25 ,2494933
1679,712 ,720.9 ,705.8 ,714.95 ,2416259
1680,712 ,722.2 ,711 ,718.35 ,1191762
1681,717.1 ,730.7 ,713.25 ,721.45 ,879910
1682,716.6 ,722.1 ,701.45 ,712.9 ,859918
1683,710.55 ,718.4 ,693.5 ,699.15 ,1076459
1684,699 ,714.15 ,695.05 ,706.5 ,1677187
1685,704.1 ,713.65 ,664.4 ,697.8 ,6093817
1686,695 ,703.25 ,688.9 ,696.2 ,173110
1687,698.9 ,709.45 ,698.3 ,706.25 ,1575977
1688,696 ,701.4 ,676.85 ,680.15 ,1541761
1689,683.95 ,687 ,661.6 ,669.35 ,2615531
1690,675 ,676 ,658.8 ,672.45 ,1262242
1691,675 ,684.9 ,665.2 ,668.35 ,1065436
1692,671 ,687.35 ,656.4 ,684.4 ,1642646
1693,641.5 ,670 ,624.05 ,661.2 ,2249007
1694,671.7 ,703.3 ,668.6 ,694.25 ,1545779
1695,692 ,692.05 ,643.05 ,647.1 ,1525662
1696,647 ,647 ,596 ,600.35 ,2089813
1697,601.05 ,636.3 ,594 ,620.7 ,2233058
1698,620.7 ,626.6 ,609.5 ,617.1 ,945261
1699,624.9 ,629.2 ,617.5 ,623.6 ,828521
1700,623.5 ,628.5 ,599.6 ,608.85 ,1088943
1701,610.15 ,623 ,584.2 ,606.2 ,2288495
1702,613.9 ,620.5 ,608.05 ,611.05 ,1615159
1703,610.9 ,614.8 ,597.5 ,609.25 ,1313739
1704,609.35 ,631 ,601.4 ,628.7 ,1092235
1705,625.1 ,634.5 ,620.05 ,628.65 ,721679
1706,620.2 ,638.7 ,620.2 ,625.45 ,1696319
1707,628 ,636 ,624.15 ,633.95 ,1605002
1708,631 ,654.1 ,630 ,650.5 ,2180181
1709,647.8 ,660.45 ,643 ,652.2 ,1784642
1710,649 ,666.85 ,648.95 ,663.65 ,735061
1711,667.3 ,680 ,660.95 ,672.55 ,1113924
1712,677.2 ,678.1 ,666.05 ,672.2 ,466868
1713,679.45 ,703.5 ,677.05 ,700.15 ,1340805
1714,702.5 ,712 ,690.5 ,695.5 ,1127650
1715,695 ,703 ,687 ,695.55 ,641528
1716,695 ,702.45 ,674.35 ,678.05 ,1053489
1717,680 ,680.05 ,648 ,651.1 ,1721417
1718,638 ,660 ,638 ,644.85 ,2182228
1719,649.7 ,666.95 ,639.85 ,663.4 ,1667478
1720,662.85 ,662.85 ,636.1 ,641 ,1047989
1721,641 ,649.1 ,630.75 ,634.3 ,785850
1722,635 ,638.4 ,625.35 ,631.1 ,685134
1723,628.1 ,630.9 ,616.3 ,618.95 ,648979
1724,623 ,636.35 ,610.35 ,627 ,1103100
1725,628.9 ,628.9 ,606.5 ,612.3 ,879938
1726,610 ,640 ,606.05 ,636.45 ,995647
1727,642.05 ,646 ,628.75 ,631.3 ,1775517
1728,632.1 ,640 ,630.1 ,638 ,838184
1729,644.8 ,653.5 ,642 ,647 ,793645
1730,649.3 ,660.45 ,645 ,658.65 ,630573
1731,660.5 ,664.4 ,652.65 ,655 ,646417
1732,653.5 ,671.45 ,651.85 ,667.55 ,1753095
1733,668 ,677 ,665.1 ,674.6 ,1248822
1734,676 ,677.7 ,657.8 ,659.9 ,1102393
1735,662 ,676.45 ,660.05 ,672.9 ,587555
1736,672.9 ,680 ,660.6 ,663.5 ,927771
1737,666 ,672.5 ,658 ,669.2 ,2114062
1738,676.3 ,687 ,666.1 ,685.55 ,1477860
1739,689 ,696.95 ,683.6 ,688.05 ,1483522
1740,687.8 ,704.9 ,681.15 ,702.7 ,1712230
1741,706.25 ,737 ,706 ,734.55 ,4665850
1742,737.35 ,737.35 ,723.9 ,730.5 ,1545659
1743,729.95 ,747.5 ,725.05 ,739.6 ,1853796
1744,735.35 ,744.9 ,729 ,733.75 ,1427685
1745,730.9 ,734.75 ,717 ,726.05 ,1101389
1746,730.8 ,734.85 ,721 ,729.55 ,1468981
1747,730.25 ,754.5 ,724.4 ,740.2 ,3886150
1748,740.5 ,751.65 ,726.25 ,728.45 ,2002366
1749,728.8 ,741.2 ,728.8 ,738.05 ,1123250
1750,741.55 ,741.55 ,722.35 ,724.75 ,861064
1751,725.65 ,744.9 ,714.2 ,741.3 ,2270029
1752,739.3 ,751.65 ,734 ,740.1 ,1576538
1753,740.95 ,744.9 ,732.6 ,738.2 ,1338656
1754,740 ,740.3 ,717.2 ,726.35 ,1726012
1755,729 ,739 ,722.05 ,729.05 ,1604701
1756,729 ,731.75 ,723.05 ,727.7 ,803715
1757,729 ,741.15 ,725.15 ,738.45 ,2152286
1758,740 ,740.6 ,723.4 ,726.95 ,1301800
1759,730 ,732.75 ,721.3 ,730.1 ,511470
1760,729.9 ,730 ,710.2 ,715.85 ,801530
1761,718.4 ,720.6 ,700.25 ,709.1 ,928990
1762,704.6 ,708.95 ,692.2 ,699.9 ,2170027
1763,699.8 ,713.65 ,695 ,710.3 ,851471
1764,710.5 ,721.15 ,709.8 ,714.75 ,725029
1765,713.85 ,715 ,706.15 ,711.35 ,638541
1766,711.3 ,715.55 ,704 ,708.9 ,1524113
1767,711.95 ,722.75 ,705.05 ,718.1 ,1770114
1768,719.5 ,720.05 ,708 ,715.55 ,1407519
1769,715 ,726.5 ,713.95 ,718.3 ,922229
1770,716.8 ,724.5 ,713 ,717.35 ,700967
1771,721.9 ,725 ,688.35 ,701.55 ,1218854
1772,696.3 ,700.55 ,684.25 ,690.6 ,1597291
1773,691.6 ,693.75 ,680.4 ,684.15 ,1145144
1774,685 ,705 ,684.95 ,702.9 ,1841179
1775,707.4 ,714.35 ,703.25 ,707.8 ,1829216
1776,709.35 ,720.55 ,707.85 ,713.45 ,1126295
1777,708.1 ,716.75 ,701.25 ,704.55 ,732956
1778,716 ,718.5 ,698.5 ,702.1 ,2052711
1779,697.25 ,713 ,693.3 ,710.8 ,1047007
1780,715 ,719.85 ,706 ,708.7 ,2030009
1781,713.4 ,730.6 ,709.35 ,716.35 ,3459822
1782,717 ,721.4 ,710.1 ,716.85 ,577631
1783,717 ,728.9 ,716.85 ,727.45 ,2352808
1784,722.5 ,727.5 ,715.15 ,718.25 ,888548
1785,722.9 ,732.5 ,715.1 ,729.25 ,1058512
1786,730.7 ,735.6 ,719.6 ,722.1 ,984813
1787,721.7 ,729.7 ,720 ,725.75 ,901856
1788,729.8 ,734.85 ,719.7 ,722.15 ,2007440
1789,722 ,728.6 ,715.85 ,719.4 ,1379079
1790,720 ,725.4 ,709.8 ,714.5 ,1526258
1791,718.8 ,733.7 ,717.55 ,726.9 ,1229746
1792,727.15 ,745.6 ,726.35 ,735.45 ,1821400
1793,737.5 ,739.85 ,725 ,732.1 ,1450296
1794,736.4 ,739.3 ,726.45 ,729.1 ,1148532
1795,729.9 ,734.65 ,723 ,726.85 ,667873
1796,728.65 ,735.8 ,725.4 ,732.15 ,753141
1797,735 ,745.8 ,731.15 ,734.75 ,1340295
1798,735.4 ,743.4 ,727 ,736 ,1303918
1799,735.7 ,739.35 ,724 ,727.25 ,1790255
1800,723 ,737.8 ,720.6 ,735.75 ,458607
1801,734 ,778.9 ,734 ,761.4 ,3811889
1802,766.3 ,790 ,765 ,772.4 ,2289288
1803,773.5 ,796.5 ,773.5 ,782.1 ,2973237
1804,789.9 ,789.9 ,773.35 ,779.5 ,1072550
1805,780.4 ,801.6 ,780.4 ,794.3 ,1179142
1806,799.8 ,809.4 ,796.2 ,807 ,1043777
1807,809.9 ,836.95 ,808.4 ,831.25 ,2519713
1808,832.5 ,864.95 ,802.3 ,818.5 ,9425305
1809,812.5 ,821.7 ,800.15 ,806.15 ,4382491
1810,812.2 ,815.6 ,793.95 ,804.45 ,1184667
1811,810.7 ,819.5 ,804.3 ,812.6 ,1049555
1812,817 ,817 ,805.1 ,811.4 ,1607781
1813,813 ,817.75 ,804 ,807.9 ,1365694
1814,808 ,814.3 ,800.25 ,803.85 ,1565587
1815,803.9 ,816.25 ,801.15 ,813.9 ,1067850
1816,818.95 ,826.5 ,817.6 ,823.5 ,1116650
1817,826.8 ,837 ,818.8 ,825.35 ,1223198
1818,826.9 ,829.9 ,818.5 ,824.25 ,869885
1819,827.9 ,845.8 ,824.25 ,837.25 ,1384655
1820,837.9 ,839.4 ,823.05 ,827.05 ,844940
1821,828.9 ,832 ,822.45 ,830.45 ,469001
1822,820 ,828.4 ,814 ,817.95 ,833014
1823,809.95 ,809.95 ,749.5 ,791.45 ,5582307
1824,792.1 ,806.15 ,780.55 ,790.5 ,1187580
1825,789 ,793 ,765.65 ,785.55 ,1073054
1826,790.6 ,794.9 ,775.85 ,787.2 ,899155
1827,790.95 ,828.4 ,790.55 ,810.35 ,5360047
1828,806.2 ,843 ,805.4 ,837.6 ,795062
1829,840 ,858.4 ,825 ,845.75 ,1097557
1830,847 ,864.9 ,836.1 ,850.15 ,1117049
1831,852.4 ,876 ,850.25 ,861.3 ,1840674
1832,861.55 ,880 ,861.55 ,876.95 ,877250
1833,877.95 ,882.95 ,862.1 ,865.15 ,517027
1834,866 ,881.35 ,865 ,874.75 ,718925
1835,874.8 ,880.75 ,861.2 ,865.6 ,819601
1836,874.25 ,879.35 ,857.7 ,859.3 ,683210
1837,861.9 ,874.5 ,859.95 ,866.65 ,999292
1838,868.4 ,872.5 ,848.05 ,856.65 ,578994
1839,856.5 ,856.5 ,838.85 ,842.25 ,465065
1840,840 ,856.7 ,838.55 ,849 ,572089
1841,854.95 ,854.95 ,838 ,846.85 ,749295
1842,847 ,864.7 ,841.4 ,853.75 ,1116250
1843,858 ,881 ,858 ,866.05 ,2190520
1844,867.25 ,884.25 ,865.1 ,873.75 ,1305259
1845,886 ,891.85 ,858.9 ,861.95 ,1649870
1846,860 ,874 ,855.35 ,866.15 ,1041405
1847,861.8 ,865.6 ,856.2 ,861.2 ,949558
1848,861.5 ,864.8 ,830.2 ,834.05 ,956381
1849,836.05 ,844.85 ,825.1 ,835.1 ,1046026
1850,834 ,835.1 ,823 ,832.9 ,497427
1851,831.1 ,840.5 ,821.1 ,826.55 ,868497
1852,824.5 ,844 ,821.4 ,840.4 ,1138316
1853,841 ,859 ,841 ,856.1 ,1037822
1854,860.7 ,860.7 ,845 ,847.7 ,562771
1855,847.7 ,856.85 ,846.1 ,853.55 ,586392
1856,853.1 ,856.05 ,843.1 ,849.75 ,933551
1857,845.35 ,851.85 ,840.75 ,849.4 ,695738
1858,861.85 ,861.85 ,848 ,850.8 ,131372
1859,849.55 ,864 ,849.05 ,853.9 ,1101137
1860,852.2 ,874.9 ,852.2 ,864.4 ,1863453
1861,868 ,873.9 ,859.05 ,864.85 ,1616447
1862,862.7 ,876.85 ,857.05 ,863.2 ,820278
1863,866 ,871.75 ,858 ,864.1 ,434613
1864,857.1 ,868.5 ,852.95 ,856.5 ,1036076
1865,857.6 ,863 ,854.1 ,859.1 ,692901
1866,859.95 ,862.65 ,854.55 ,855.95 ,473535
1867,855.95 ,867.75 ,854.85 ,863.2 ,1233955
1868,861.25 ,873.65 ,857.9 ,867.9 ,937014
1869,870 ,892.3 ,868.4 ,883.85 ,2813173
1870,885 ,900 ,870.85 ,873.3 ,2973483
1871,877 ,882.3 ,865 ,868.6 ,912243
1872,858.55 ,875.95 ,858.55 ,868.5 ,656899
1873,870.2 ,888.6 ,867.6 ,877.15 ,2020713
1874,879.8 ,902.5 ,875.75 ,894.1 ,1702074
1875,897.9 ,901 ,886.1 ,889 ,951400
1876,890.5 ,896.95 ,878.05 ,880.75 ,947932
1877,884 ,888.9 ,878.6 ,887.05 ,783711
1878,888 ,893.95 ,873.1 ,877.65 ,664918
1879,882.9 ,883 ,860.7 ,863.35 ,660740
1880,862 ,862.95 ,822.05 ,830.5 ,1211850
1881,832.9 ,839.4 ,789 ,821.5 ,1278567
1882,815 ,829.75 ,794.6 ,811.35 ,1259736
1883,815.1 ,865.05 ,815.1 ,858.45 ,1013700
1884,858.45 ,879.55 ,849.25 ,852.1 ,1197405
1885,858 ,864.75 ,846 ,855.25 ,886995
1886,853.2 ,859 ,841.8 ,844.95 ,604126
1887,848.9 ,852.9 ,805 ,810.75 ,1405283
1888,812.5 ,826.5 ,793 ,796.55 ,1340235
1889,803 ,816.7 ,801.45 ,814.1 ,772199
1890,821.9 ,837 ,810.85 ,833.1 ,879641
1891,835.75 ,842.7 ,827.55 ,839.1 ,730266
1892,848 ,856.25 ,835.4 ,840.15 ,1066800
1893,845.9 ,846.9 ,838.1 ,839.85 ,1179595
1894,842 ,842.75 ,823.1 ,828.05 ,1532020
1895,834.2 ,840.2 ,825 ,832.7 ,955148
1896,832 ,837 ,808.3 ,817 ,963622
1897,816 ,822.2 ,812 ,819.95 ,624292
1898,811.15 ,827.7 ,811.15 ,823.95 ,580081
1899,828 ,828.85 ,821 ,824.35 ,531540
1900,825.05 ,832.4 ,811 ,813.95 ,1141701
1901,819.85 ,824 ,809.8 ,811.9 ,836222
1902,817.7 ,821.2 ,813 ,814.4 ,953116
1903,820.7 ,827.45 ,808.1 ,811.45 ,920480
1904,812 ,823.9 ,811.6 ,820.95 ,841527
1905,819 ,833 ,817 ,827.7 ,1855722
1906,834.9 ,843.9 ,830.2 ,834.2 ,844888
1907,839 ,842.1 ,831.2 ,835.7 ,494308
1908,839.7 ,842.95 ,826.3 ,830.25 ,919443
1909,830 ,833.95 ,812.75 ,819.6 ,559033
1910,816.5 ,818.25 ,803 ,806.75 ,931865
1911,809.65 ,809.65 ,773 ,784.3 ,1463397
1912,782.85 ,783.65 ,763.7 ,778.7 ,1728051
1913,785.9 ,792.9 ,765.4 ,770 ,1436439
1914,771.7 ,777.7 ,755 ,766.2 ,7136093
1915,768 ,789.2 ,768 ,778.5 ,1960985
1916,787.95 ,798.5 ,769.5 ,796 ,1493573
1917,797.5 ,803.8 ,785.2 ,788.15 ,808639
1918,791 ,793.75 ,781 ,784.7 ,996774
1919,786.9 ,797 ,778.55 ,793.4 ,1304505
1920,796.9 ,802.7 ,790.3 ,792.85 ,759701
1921,792.85 ,824 ,792.85 ,819.6 ,2664726
1922,827 ,832 ,800.8 ,813.2 ,1556350
1923,812 ,817.5 ,805.05 ,809.25 ,624617
1924,811.9 ,816.65 ,800.3 ,802.4 ,816201
1925,805 ,816.65 ,803.2 ,812.35 ,1025481
1926,812.8 ,812.8 ,801 ,805.9 ,649945
1927,810.7 ,810.7 ,786.85 ,789.35 ,1338926
1928,791.5 ,798 ,785.1 ,793.7 ,270417
1929,791.95 ,800.45 ,769.4 ,778.35 ,1741250
1930,783 ,802.35 ,778.05 ,799.15 ,1159011
1931,802 ,805.25 ,790.5 ,798.65 ,966446
1932,805 ,816.7 ,796.25 ,813 ,2309531
1933,819 ,834.65 ,815.6 ,831.3 ,1843388
1934,834.9 ,849.7 ,816.75 ,824.4 ,4183324
1935,827.9 ,835.6 ,794.4 ,799.3 ,2559806
1936,799.5 ,804.3 ,777 ,782.05 ,2683256
1937,784.7 ,793.95 ,777.25 ,779.3 ,1645243
1938,780.25 ,785.65 ,772.4 ,775.6 ,881466
1939,777.65 ,781.8 ,760.2 ,761.9 ,1348019
1940,761.9 ,764.15 ,735.5 ,739.8 ,2835242
1941,742 ,745.7 ,729.7 ,735.95 ,3207483
1942,744 ,755.75 ,738.85 ,744.55 ,2129536
1943,744.8 ,748.5 ,731 ,735.1 ,1119379
1944,733.7 ,744.7 ,724.45 ,739.65 ,1294509
1945,741 ,753.75 ,739 ,742.75 ,859617
1946,746.5 ,746.5 ,716.7 ,721.45 ,871937
1947,721.1 ,735.95 ,719.05 ,731.35 ,995572
1948,735.95 ,741.7 ,722.5 ,724.2 ,960343
1949,727 ,733 ,721 ,728.9 ,555269
1950,732 ,756.5 ,731.05 ,754.5 ,1958694
1951,760 ,760 ,743.2 ,747.1 ,1111558
1952,745 ,756.2 ,738.9 ,749.2 ,1181496
1953,751.95 ,755.85 ,741.2 ,744.05 ,1278595
1954,740.15 ,759.8 ,740.15 ,755.3 ,2656632
1955,758.8 ,768.75 ,753.75 ,761.7 ,2322204
1956,761.65 ,767.25 ,749.3 ,752.3 ,874776
1957,751.4 ,755 ,720.25 ,731.35 ,1827371
1958,731.05 ,742.45 ,726.2 ,729.9 ,1010799
1959,733 ,736.6 ,707.75 ,711.05 ,1034365
1960,711.2 ,714.7 ,695 ,698.75 ,1783487
1961,698.75 ,703.85 ,684.65 ,685.9 ,1890886
1962,686.3 ,729.65 ,684.7 ,722 ,3522782
1963,723 ,736.8 ,723 ,728.05 ,1802908
1964,733.5 ,747.5 ,726.2 ,745.55 ,1063615
1965,747 ,749.5 ,727.1 ,730.45 ,980697
1966,730.5 ,745 ,720 ,726.05 ,1788701
1967,729.7 ,733 ,706.05 ,719.6 ,1284940
1968,727 ,730 ,715.2 ,717.8 ,1798233
1969,714.5 ,720.4 ,687.5 ,710.05 ,3754324
1970,714.4 ,741.35 ,712.25 ,738 ,2738136
1971,739.1 ,744.3 ,733.55 ,736.7 ,1376825
1972,736.85 ,743.25 ,727.65 ,730.95 ,914965
1973,732.9 ,737 ,725 ,731.6 ,914494
1974,734.8 ,739 ,729.5 ,735.55 ,778604
1975,738.7 ,746.5 ,735.6 ,740.35 ,1137701
1976,740.85 ,768.7 ,740.35 ,763.3 ,3225471
1977,767.9 ,772 ,757.35 ,762.7 ,984285
1978,761.8 ,770 ,752.5 ,755.75 ,1068067
1979,757.55 ,776 ,748.5 ,773.45 ,1885242
1980,776.95 ,787.75 ,774 ,775.8 ,1914605
1981,779.9 ,787.6 ,778 ,781.65 ,1374445
1982,785.6 ,785.6 ,770.8 ,774.2 ,887317
1983,778.25 ,790 ,778.25 ,784.35 ,1327482
1984,785 ,792 ,780.4 ,790.6 ,1291299
1985,793 ,794 ,774.05 ,778.85 ,1023925
1986,781.4 ,788.3 ,775.05 ,786.2 ,697993
1987,789 ,790 ,768.05 ,775.35 ,1955588
1988,778 ,784 ,770.2 ,774.35 ,764055
1989,774.95 ,780.7 ,762.05 ,766.85 ,1222684
1990,767 ,783.95 ,754.9 ,780.75 ,1188663
1991,787.8 ,814.9 ,786.25 ,800.5 ,5203775
1992,799.5 ,808.1 ,791 ,802.35 ,1023467
1993,809.7 ,819.8 ,805 ,813.6 ,2396370
1994,817.7 ,817.9 ,797.6 ,807.25 ,1371476
1995,807 ,828.5 ,803.1 ,824.25 ,2577167
1996,827 ,827.85 ,761.6 ,768.95 ,6508094
1997,777.95 ,795.4 ,772 ,788.5 ,5546134
1998,787.7 ,790.35 ,767.6 ,770.75 ,2353656
1999,775 ,777 ,746.5 ,752.05 ,1831502
2000,752.05 ,772 ,735.3 ,758.85 ,2563374
2001,750 ,752 ,723.95 ,733.05 ,2254820
2002,712.5 ,728.95 ,697 ,722.5 ,1661523
2003,696 ,711.5 ,680 ,700.05 ,2199496
2004,711.8 ,715.8 ,699.8 ,701.25 ,1802253
2005,704 ,722 ,702.9 ,718.05 ,1603409
2006,710 ,715.2 ,700.35 ,708.35 ,1245192
2007,713.5 ,729.9 ,710.5 ,726.5 ,1291508
2008,733 ,733.45 ,718.1 ,721.9 ,1446323
2009,727.05 ,729.15 ,713 ,716.1 ,845055
2010,719.9 ,725 ,700.1 ,703.6 ,1123772
2011,703.9 ,710 ,692.8 ,701.3 ,925618
2012,702 ,707 ,694 ,695.35 ,774441
2013,697.5 ,701.7 ,682.65 ,688.25 ,2279472
2014,685 ,686.95 ,672.5 ,675.45 ,2071478
2015,679 ,703 ,679 ,700.55 ,2454631
2016,707 ,725.8 ,706 ,720.5 ,2329195
2017,724 ,726 ,712 ,721.15 ,1233367
2018,724 ,732.4 ,718.2 ,728.75 ,2577819
2019,728.95 ,732.9 ,711.8 ,714.25 ,1877954
2020,714 ,723.35 ,701.35 ,720.9 ,1093480
2021,725 ,726.8 ,699 ,702.4 ,1118988
2022,699 ,710.85 ,692.65 ,702 ,1434135
2023,708 ,714 ,700 ,710.8 ,1223027
2024,715 ,722.5 ,708.75 ,712.15 ,1168118
2025,720 ,720 ,705.6 ,717.95 ,944809
2026,718.65 ,728.9 ,712.95 ,722.8 ,1452302
2027,723.5 ,727 ,713.15 ,718.35 ,1045412
2028,719.95 ,727.6 ,717.45 ,721.15 ,683615
2029,715 ,733.15 ,713.4 ,719.7 ,2219725
2030,719 ,721.5 ,699.25 ,701.85 ,910706
2031,698.25 ,717.35 ,693 ,712.3 ,1296133
2032,718 ,719.95 ,710.1 ,714.9 ,1419662
2033,715.1 ,727.65 ,714.65 ,716.9 ,1437816
2034,705 ,711.8 ,698.8 ,704.75 ,1360837
2035,705 ,730.2 ,699.65 ,724.4 ,1150358
2036,728.5 ,742.05 ,728.5 ,736.8 ,1980372
2037,738.7 ,746.8 ,726.3 ,730.25 ,2977328
2038,736.9 ,756 ,730.5 ,752.4 ,1257184
2039,751.8 ,767 ,747 ,765.65 ,1751966
2040,769.95 ,769.95 ,730.4 ,732.5 ,1713329
2041,747 ,758.55 ,745.15 ,756.95 ,1081941
2042,753.05 ,756.35 ,745.45 ,753.2 ,485882
2043,757 ,765.6 ,747.4 ,751.2 ,2040662
2044,757.85 ,760.8 ,747 ,751.7 ,639074
2045,754.8 ,756.2 ,740.4 ,745.55 ,582360
2046,749 ,750.1 ,740.15 ,747.9 ,696989
2047,754.4 ,755.5 ,741.8 ,747.1 ,898951
2048,743 ,765 ,741 ,763.6 ,738851
2049,768.9 ,768.9 ,753.35 ,757.55 ,894003
2050,760 ,763.1 ,752.6 ,757.6 ,593398
2051,759.15 ,774.9 ,757.6 ,768.9 ,1459613
2052,767.9 ,770.9 ,751.3 ,765.75 ,1158211
2053,768 ,774.4 ,751.8 ,753.8 ,1065116
2054,753.4 ,753.4 ,739.9 ,744.7 ,1203996
2055,744.7 ,752.8 ,736.5 ,743.9 ,1071862
2056,745.7 ,755 ,740.8 ,750.25 ,1695596
2057,754.95 ,760.95 ,751.6 ,754.35 ,1141207
2058,757.9 ,759.7 ,725.1 ,729.85 ,2062138
2059,732 ,741 ,728 ,733.4 ,961840
2060,733.4 ,735.25 ,704.3 ,707.9 ,1708227
2061,708 ,711.6 ,700.15 ,703.65 ,1058027
2062,705 ,718.9 ,695 ,717.4 ,1042114
2063,720 ,726 ,718.5 ,721.5 ,1029189
2064,721 ,733.55 ,721 ,731.3 ,1470498
2065,733 ,733.45 ,720.05 ,722 ,632606
2066,724.7 ,739.6 ,723 ,735.25 ,1100151
2067,736.7 ,739.85 ,725.1 ,728.5 ,690433
2068,728.3 ,740 ,720.1 ,733.3 ,702195
2069,730 ,737.85 ,721.55 ,725.85 ,746111
2070,726.3 ,728.05 ,705.05 ,707.1 ,695344
2071,707.1 ,713.2 ,704.4 ,709.45 ,888263
2072,711.9 ,711.9 ,675.2 ,682.55 ,2386302
2073,690 ,690 ,672.75 ,682.3 ,1841667
2074,682 ,696.45 ,680 ,685.45 ,998647
2075,689 ,697.4 ,683 ,694.7 ,930021
2076,695 ,702.35 ,687.55 ,697.25 ,1036560
2077,700 ,750 ,700 ,721 ,1927472
2078,722.9 ,722.9 ,701.25 ,704.85 ,756109
2079,702.9 ,717.7 ,699.8 ,704.7 ,938111
2080,708.9 ,715.75 ,704 ,707.6 ,3805358
2081,709.4 ,713.45 ,694.3 ,697.75 ,814923
2082,700.2 ,704.8 ,683 ,686.45 ,575852
2083,684.9 ,692 ,680.7 ,685.7 ,800021
2084,688.6 ,696 ,682.6 ,693.55 ,861304
2085,695 ,706.9 ,687.95 ,704.05 ,1103080
2086,701.4 ,716.85 ,696.35 ,712.9 ,1787248
2087,712.8 ,712.8 ,697.45 ,699.3 ,1105632
2088,697.9 ,703.55 ,687.7 ,688.7 ,1125424
2089,690.05 ,694 ,684 ,687.55 ,794416
2090,692 ,693.5 ,681.85 ,684.9 ,854417
2091,689.8 ,706.75 ,686 ,700.7 ,2743888
2092,699.9 ,699.9 ,690.8 ,692.25 ,453545
2093,689 ,689.55 ,672.1 ,674.1 ,1182968
2094,675 ,676.4 ,648.9 ,652.25 ,2714660
2095,652.25 ,654.35 ,641.1 ,646 ,3150079
2096,641.35 ,643.35 ,632.2 ,640.2 ,3066113
2097,644 ,648.75 ,631.45 ,634.15 ,1616870
2098,632 ,642 ,625.9 ,639.8 ,1801843
2099,639.8 ,640 ,617 ,620.65 ,1371101
2100,616.1 ,625.8 ,604.3 ,606.65 ,3666655
2101,608.55 ,621.65 ,605 ,618.8 ,2004445
2102,617.1 ,628.4 ,614.2 ,624.7 ,1122923
2103,622.3 ,632 ,615 ,630.25 ,873384
2104,630.15 ,634 ,620.55 ,624.2 ,716832
2105,627.7 ,632.35 ,621.1 ,623.05 ,577543
2106,624 ,628 ,619.25 ,621.4 ,906505
2107,625.8 ,628 ,621 ,623.8 ,976270
2108,627.4 ,641 ,624.05 ,637.1 ,2259469
2109,636.1 ,636.3 ,598.05 ,603.45 ,3113076
2110,605.9 ,610.95 ,577.65 ,581.95 ,3843962
2111,581 ,581.5 ,548.85 ,562.55 ,10107859
2112,569.3 ,569.3 ,553.1 ,559.8 ,4769976
2113,561.65 ,575.75 ,560 ,571 ,2101596
2114,574 ,577.65 ,551.4 ,556.85 ,2487108
2115,558 ,561.6 ,537.25 ,552 ,2182587
2116,552.95 ,555 ,542 ,549.6 ,1756703
2117,572.8 ,639.5 ,561.1 ,632.1 ,23805782
2118,635 ,662.65 ,622.35 ,630.2 ,10343818
2119,632 ,643.25 ,620.3 ,637.75 ,3566181
2120,638 ,645.25 ,628.05 ,637.5 ,6454211
2121,638.55 ,644 ,632.8 ,635.5 ,1058464
2122,638.95 ,648.5 ,634.95 ,642.6 ,2248688
2123,644.5 ,655.85 ,631.25 ,644.05 ,4223714
2124,648.1 ,649.45 ,637 ,641.85 ,1522499
2125,641.85 ,647.45 ,633.6 ,636.75 ,1806144
2126,639 ,644.5 ,637.05 ,641.05 ,985794
2127,640.1 ,661.9 ,640.1 ,656.1 ,2388810
2128,661.7 ,663.9 ,644.6 ,647.2 ,1294429
2129,650 ,653.75 ,641.9 ,647.85 ,1000237
2130,643.1 ,644.3 ,634 ,637.75 ,1025283
2131,639.9 ,649.3 ,631.55 ,636.6 ,1610870
2132,630 ,635 ,621.2 ,625.4 ,1019939
2133,625.4 ,628.95 ,599.2 ,610.45 ,2616139
2134,612 ,621.9 ,607.15 ,609.65 ,1695284
2135,612.7 ,618.8 ,607.65 ,616.75 ,1212452
2136,619.85 ,622.25 ,609 ,618.9 ,1909370
2137,624.9 ,651 ,619.5 ,646.2 ,3668520
2138,650.2 ,658 ,639.1 ,649.95 ,2712150
2139,647 ,674 ,643.05 ,653.5 ,5113561
2140,658.4 ,662.7 ,651 ,659.6 ,1654053
2141,662 ,667 ,651 ,654.15 ,1836804
2142,655.9 ,686.5 ,654.65 ,680 ,5247632
2143,686 ,699 ,683 ,696.15 ,5979259
2144,695 ,721.9 ,689.45 ,715.3 ,5840817
2145,719.65 ,726 ,710 ,720.65 ,2229639
2146,717.2 ,720 ,694.35 ,698.6 ,2253401
2147,698.9 ,712.5 ,683.5 ,697.35 ,5272834
2148,701.4 ,709.45 ,696.75 ,705.05 ,2053405
2149,708.7 ,718 ,701.75 ,714 ,1932868
2150,714.95 ,722.8 ,700.6 ,703.25 ,1665735
2151,707.5 ,715 ,682.3 ,687.65 ,2626499
2152,692.2 ,706 ,680.1 ,703.65 ,1353322
2153,710 ,738.9 ,709.1 ,736.75 ,3848531
2154,734.9 ,735.95 ,722 ,723.5 ,1600458
2155,727 ,738.15 ,704.65 ,709.05 ,2627124
2156,714 ,715.75 ,688 ,692.3 ,2618411
2157,692.5 ,709 ,588.5 ,665.8 ,5107837
2158,669 ,672 ,639.95 ,651.4 ,2641335
2159,651.3 ,664.9 ,639.95 ,660.95 ,1960748
2160,664 ,705 ,653.75 ,697.55 ,3830064
2161,702.45 ,703.5 ,678.65 ,683.1 ,2626141
2162,685 ,690.6 ,655 ,664.3 ,1536357
2163,664.65 ,670 ,638.15 ,665.6 ,2029698
2164,666 ,669.1 ,639.4 ,642.65 ,3496373
2165,630.05 ,645.45 ,621.2 ,628.75 ,2463238
2166,627.8 ,631.95 ,590.65 ,596.65 ,2554877
2167,598 ,625 ,582.15 ,619.15 ,3628920
2168,622.95 ,622.95 ,591.25 ,604.1 ,1699809
2169,605 ,625 ,605 ,622.45 ,1225919
2170,609 ,622.4 ,590.2 ,605.15 ,1592797
2171,609.1 ,635 ,609.1 ,627.95 ,1602515
2172,627.95 ,638.5 ,620.75 ,635.95 ,1363957
2173,640 ,648 ,633.15 ,642.1 ,1514602
2174,646.15 ,665 ,631.7 ,638.25 ,1706506
2175,637.95 ,648.75 ,627.6 ,644.35 ,2119966
2176,645 ,652 ,626.1 ,633.65 ,1083604
2177,631 ,635 ,608.75 ,615.35 ,1895431
2178,616 ,629 ,613.7 ,622.8 ,930010
2179,617.9 ,618.55 ,595.4 ,599.45 ,1651219
2180,602.9 ,626.4 ,585 ,622.7 ,4592411
2181,620 ,634.7 ,613.3 ,631.6 ,2035438
2182,628 ,647.9 ,623.5 ,636.8 ,2495380
2183,639 ,677.2 ,637 ,674.35 ,3088884
2184,676 ,699 ,670 ,695.9 ,3202739
2185,699 ,716.5 ,699 ,711.45 ,4845338
2186,708.45 ,728.7 ,699.45 ,724.3 ,1482446
2187,721.15 ,727.95 ,714.85 ,721.9 ,1456851
2188,722.35 ,731.9 ,722.25 ,729.6 ,386070
2189,727.45 ,744.9 ,722.5 ,740 ,1860293
2190,740 ,751.7 ,730.3 ,733.2 ,1415482
2191,729 ,739.95 ,716.4 ,736.55 ,1569155
2192,738.2 ,761.8 ,736.5 ,760.25 ,2952089
2193,761.95 ,769.95 ,756 ,763.65 ,3199903
2194,762 ,774.65 ,757.85 ,771.85 ,2174834
2195,773 ,777.75 ,767.3 ,775.2 ,2193793
2196,771 ,772.8 ,747 ,759.2 ,3285928
2197,760 ,784.5 ,760 ,779.25 ,2860585
2198,779 ,784.9 ,771.6 ,778.3 ,1202373
2199,778.3 ,779.95 ,758 ,773.1 ,1427107
2200,766 ,773.9 ,754 ,768.55 ,2047904
2201,766 ,779.65 ,765.5 ,771.85 ,1050205
2202,775 ,789.4 ,762.05 ,779.1 ,2804385
2203,780.15 ,785.5 ,755.05 ,757.8 ,2132736
2204,762 ,762 ,728.2 ,732.6 ,2846330
2205,732.7 ,759.5 ,732.7 ,751.45 ,2730131
2206,749 ,754 ,737.2 ,749.4 ,1270524
2207,747 ,759 ,736.65 ,746.8 ,2036209
2208,753.9 ,763.8 ,739.45 ,757.7 ,1457822
2209,740 ,758.5 ,739.95 ,746.55 ,1356394
2210,740 ,751 ,731.2 ,747.95 ,1611563
2211,750.1 ,794.3 ,750.1 ,790.05 ,2275207
2212,789 ,789 ,771.2 ,773.45 ,1907746
2213,770 ,777 ,758.85 ,764.75 ,1586661
2214,769.8 ,772 ,763 ,768.05 ,730799
2215,762 ,774.1 ,741 ,743.65 ,2006619
2216,746.9 ,760 ,745 ,755.7 ,1579478
2217,752 ,774.2 ,746.85 ,770 ,1453122
2218,771.05 ,773.9 ,733.05 ,735.65 ,3492197
2219,736 ,747.7 ,721 ,736.45 ,1786546
2220,737 ,751.9 ,728 ,750.2 ,1995314
2221,756 ,759 ,745.25 ,749.65 ,1167096
2222,752.5 ,771 ,752.5 ,758.4 ,2247517
2223,762 ,766.25 ,753.45 ,758.25 ,1499975
2224,760 ,765.7 ,746.5 ,753.5 ,1610248
2225,750 ,758.45 ,744 ,756.5 ,1308043
2226,755 ,757.95 ,744.25 ,746.65 ,1053144
2227,748.8 ,759.25 ,743.1 ,756.4 ,1060318
2228,760 ,767.75 ,759 ,763.75 ,1589933
2229,763.5 ,765 ,748 ,752.2 ,981440
2230,758 ,767 ,753.45 ,764.8 ,1039851
2231,765.8 ,780 ,765.05 ,773.1 ,2401210
2232,775 ,787 ,773 ,783.45 ,2603033
2233,784 ,784 ,766.9 ,770.4 ,1392118
2234,772.6 ,782.1 ,771.95 ,775.95 ,1364863
2235,775.95 ,775.95 ,752.6 ,766.1 ,2584090
2236,767.65 ,773.55 ,761.75 ,769.05 ,1442884
2237,768 ,771 ,764 ,766.05 ,919475
2238,765 ,772.85 ,756.2 ,769.15 ,1127435
2239,766.2 ,772.05 ,753.45 ,763.3 ,1416981
2240,764 ,782.15 ,759.85 ,762.85 ,2336913
2241,765 ,767.35 ,742.95 ,747.35 ,2109205
2242,753 ,767.1 ,747 ,753.1 ,1770239
2243,755 ,764 ,744 ,760.05 ,1226284
2244,757.5 ,767.45 ,747.05 ,760.3 ,1134462
2245,763.1 ,770 ,755.3 ,767.35 ,1057185
2246,775.7 ,789.9 ,764.2 ,786.5 ,2299676
2247,799.75 ,799.75 ,766.4 ,779.85 ,2960388
2248,771.25 ,775.05 ,758 ,770.9 ,1254011
2249,772.85 ,800 ,772.85 ,795.95 ,2516447
2250,802 ,810 ,796.25 ,805.25 ,3747561
2251,805.25 ,817.5 ,802.3 ,809 ,1667638
2252,804.5 ,816.8 ,800.6 ,812.2 ,1395055
2253,812 ,815 ,801.45 ,805.85 ,1159530
2254,807 ,812.5 ,791.65 ,796.2 ,2037705
2255,794 ,824 ,792.35 ,817.2 ,3034355
2256,814.3 ,824.5 ,811.65 ,821.05 ,1743651
2257,819 ,821 ,806.2 ,818.35 ,1867644
2258,819.25 ,830 ,806.05 ,821.85 ,1903564
2259,821 ,824.45 ,812 ,816.45 ,1485171
2260,819.3 ,829 ,813.8 ,822.75 ,1495943
2261,825 ,832.7 ,818 ,826.25 ,1044953
2262,825.9 ,829.9 ,819.3 ,827.35 ,828622
2263,828 ,851.9 ,828 ,847.65 ,3685601
2264,842.25 ,857.75 ,837.55 ,855.05 ,2500705
2265,856.85 ,871.9 ,856.85 ,869.3 ,3139617
2266,877 ,881.6 ,862.2 ,877.6 ,2485884
2267,876.1 ,881.9 ,868.15 ,869.75 ,1659613
2268,872.8 ,878.5 ,865.55 ,875.5 ,1365302
2269,879 ,884.6 ,866.7 ,877.35 ,2096752
2270,877 ,877 ,867.25 ,872.05 ,1304920
2271,871.3 ,885 ,863.55 ,881.75 ,1780245
2272,889.45 ,899.45 ,887.6 ,896.7 ,2575062
2273,900 ,906.9 ,893.65 ,898.3 ,2202033
2274,900 ,914.9 ,892 ,911.2 ,1607325
2275,911.2 ,916.25 ,900.3 ,903.75 ,1367655
2276,904 ,928.4 ,902.4 ,923.45 ,2609765
2277,923.5 ,935.95 ,916.8 ,927.1 ,1280561
2278,929 ,935 ,918.35 ,931.3 ,1133020
2279,930 ,939.8 ,927.1 ,935.4 ,900335
2280,933.9 ,941 ,927.25 ,934.95 ,1339685
2281,930 ,931.7 ,905.8 ,912.7 ,2309109
2282,910.55 ,917.3 ,891.1 ,903.3 ,3647229
2283,903.35 ,911.95 ,894.55 ,901.9 ,2085332
2284,905.9 ,935.95 ,896.4 ,929.05 ,2452629
2285,930.1 ,962.9 ,926.05 ,958.85 ,2110469
2286,958 ,962 ,931 ,934.3 ,1436157
2287,940 ,940 ,915.5 ,927.1 ,1940263
2288,928 ,936.9 ,918.75 ,924.25 ,1614049
2289,920.6 ,935.3 ,901 ,931.5 ,2377767
2290,935 ,942.4 ,928.8 ,941 ,1054122
2291,938 ,950.9 ,933.65 ,946.8 ,1892458
2292,943.5 ,945.85 ,930 ,944.65 ,1300087
2293,938 ,945.5 ,923.4 ,925.95 ,1540216
2294,925.8 ,930.7 ,918.25 ,922.55 ,1434794
2295,922.45 ,929.75 ,911 ,925.8 ,1151008
2296,927 ,931.8 ,916.8 ,929.75 ,634532
2297,935 ,939.6 ,925.65 ,933.9 ,1108757
2298,935.05 ,938.95 ,926.1 ,934.05 ,915911
2299,931.1 ,942.35 ,922.95 ,937.3 ,981962
2300,937.3 ,945 ,929.7 ,942.75 ,1381405
2301,942.75 ,951 ,941.1 ,948.2 ,1554387
2302,950.5 ,973.9 ,946 ,965.1 ,3417287
2303,970.55 ,972.7 ,958.55 ,970.35 ,1254591
2304,970.35 ,975.25 ,959.65 ,969.15 ,1876948
2305,967 ,973 ,955.05 ,963.9 ,1081955
2306,961.2 ,974 ,959.05 ,970.35 ,1284695
2307,965.75 ,965.75 ,938.55 ,949.8 ,3209489
2308,950.1 ,955.05 ,934.05 ,951.15 ,2112971
2309,953 ,968.4 ,945.4 ,961.65 ,2384763
2310,961.6 ,961.6 ,942.8 ,948.9 ,1869690
2311,951 ,962.95 ,947 ,959 ,876783
2312,955 ,961.6 ,948 ,953.15 ,857940
